"Family","Pair","Test","Ref","Mean","Diff"
"Aphelenchidae","Nematode-extracted DNA vs Morphological identification","Nematode-extracted DNA","Morphological identification",0.0448218265,-0.025740963
"Aphelenchidae","Nematode-extracted DNA vs Morphological identification","Nematode-extracted DNA","Morphological identification",0.014623383,-0.021708648
"Aphelenchidae","Nematode-extracted DNA vs Morphological identification","Nematode-extracted DNA","Morphological identification",0.011794714,-0.018963764
"Aphelenchidae","Nematode-extracted DNA vs Morphological identification","Nematode-extracted DNA","Morphological identification",0.0353835875,-0.057232825
"Aphelenchidae","Nematode-extracted DNA vs Morphological identification","Nematode-extracted DNA","Morphological identification",0.0145650835,-0.020050161
"Aphelenchidae","Nematode-extracted DNA vs Morphological identification","Nematode-extracted DNA","Morphological identification",0.012728114,-0.022543772
"Aphelenchidae","Nematode-extracted DNA vs Morphological identification","Nematode-extracted DNA","Morphological identification",0.001199246,0.002398492
"Aphelenchidae","Nematode-extracted DNA vs Morphological identification","Nematode-extracted DNA","Morphological identification",0.0010279255,0.002055851
"Aphelenchidae","Nematode-extracted DNA vs Morphological identification","Nematode-extracted DNA","Morphological identification",0.004171321,-0.007657358
"Aphelenchidae","Nematode-extracted DNA vs Morphological identification","Nematode-extracted DNA","Morphological identification",0.010556793,-0.018886414
"Aphelenchidae","Nematode-extracted DNA vs Morphological identification","Nematode-extracted DNA","Morphological identification",0.008484153,-0.007031694
"Aphelenchidae","Nematode-extracted DNA vs Morphological identification","Nematode-extracted DNA","Morphological identification",0.0123346305,-0.019529635
"Aphelenchidae","Nematode-extracted DNA vs Morphological identification","Nematode-extracted DNA","Morphological identification",0.0309683055,-0.042063389
"Aphelenchidae","Nematode-extracted DNA vs Morphological identification","Nematode-extracted DNA","Morphological identification",0.00597019,-0.00405962
"Aphelenchidae","Nematode-extracted DNA vs Morphological identification","Nematode-extracted DNA","Morphological identification",0.0100130205,-0.011973959
"Aphelenchidae","Nematode-extracted DNA vs Morphological identification","Nematode-extracted DNA","Morphological identification",0.0331998,-0.061259974
"Aphelenchidae","Nematode-extracted DNA vs Morphological identification","Nematode-extracted DNA","Morphological identification",0.0478066075,-0.074198105
"Aphelenchidae","Nematode-extracted DNA vs Morphological identification","Nematode-extracted DNA","Morphological identification",0.007866484,-0.009908058
"Aphelenchoididae","Nematode-extracted DNA vs Morphological identification","Nematode-extracted DNA","Morphological identification",0.0889440925,-0.00159899499999999
"Aphelenchoididae","Nematode-extracted DNA vs Morphological identification","Nematode-extracted DNA","Morphological identification",0.094467645,-0.155013754
"Aphelenchoididae","Nematode-extracted DNA vs Morphological identification","Nematode-extracted DNA","Morphological identification",0.055375831,-0.102014296
"Aphelenchoididae","Nematode-extracted DNA vs Morphological identification","Nematode-extracted DNA","Morphological identification",0.0543649135,-0.067270173
"Aphelenchoididae","Nematode-extracted DNA vs Morphological identification","Nematode-extracted DNA","Morphological identification",0.041247258,-0.073243188
"Aphelenchoididae","Nematode-extracted DNA vs Morphological identification","Nematode-extracted DNA","Morphological identification",0.0388994345,-0.074201131
"Aphelenchoididae","Nematode-extracted DNA vs Morphological identification","Nematode-extracted DNA","Morphological identification",0.014412948,-0.025228158
"Aphelenchoididae","Nematode-extracted DNA vs Morphological identification","Nematode-extracted DNA","Morphological identification",0.0174694495,-0.006156991
"Aphelenchoididae","Nematode-extracted DNA vs Morphological identification","Nematode-extracted DNA","Morphological identification",0.0946517045,-0.154696591
"Aphelenchoididae","Nematode-extracted DNA vs Morphological identification","Nematode-extracted DNA","Morphological identification",0.045640569,-0.076718862
"Aphelenchoididae","Nematode-extracted DNA vs Morphological identification","Nematode-extracted DNA","Morphological identification",0.024882645,-0.03023471
"Aphelenchoididae","Nematode-extracted DNA vs Morphological identification","Nematode-extracted DNA","Morphological identification",0.066148555,-0.121846536
"Aphelenchoididae","Nematode-extracted DNA vs Morphological identification","Nematode-extracted DNA","Morphological identification",0.02204285,-0.0439143
"Aphelenchoididae","Nematode-extracted DNA vs Morphological identification","Nematode-extracted DNA","Morphological identification",0.0551022785,-0.033795443
"Aphelenchoididae","Nematode-extracted DNA vs Morphological identification","Nematode-extracted DNA","Morphological identification",0.0436275485,-0.080744903
"Aphelenchoididae","Nematode-extracted DNA vs Morphological identification","Nematode-extracted DNA","Morphological identification",0.0396155245,-0.062612923
"Aphelenchoididae","Nematode-extracted DNA vs Morphological identification","Nematode-extracted DNA","Morphological identification",0.0343837785,-0.044439991
"Aphelenchoididae","Nematode-extracted DNA vs Morphological identification","Nematode-extracted DNA","Morphological identification",0.020986808,-0.03494946
"Cephalobidae","Nematode-extracted DNA vs Morphological identification","Nematode-extracted DNA","Morphological identification",0.3451045055,-0.348252527
"Cephalobidae","Nematode-extracted DNA vs Morphological identification","Nematode-extracted DNA","Morphological identification",0.185154227,-0.164723394
"Cephalobidae","Nematode-extracted DNA vs Morphological identification","Nematode-extracted DNA","Morphological identification",0.286299068,-0.15080612
"Cephalobidae","Nematode-extracted DNA vs Morphological identification","Nematode-extracted DNA","Morphological identification",0.475041631,-0.305916738
"Cephalobidae","Nematode-extracted DNA vs Morphological identification","Nematode-extracted DNA","Morphological identification",0.322404138,-0.224044184
"Cephalobidae","Nematode-extracted DNA vs Morphological identification","Nematode-extracted DNA","Morphological identification",0.2001747475,-0.239650505
"Cephalobidae","Nematode-extracted DNA vs Morphological identification","Nematode-extracted DNA","Morphological identification",0.0841312875,-0.020926615
"Cephalobidae","Nematode-extracted DNA vs Morphological identification","Nematode-extracted DNA","Morphological identification",0.158627884,-0.134799026
"Cephalobidae","Nematode-extracted DNA vs Morphological identification","Nematode-extracted DNA","Morphological identification",0.2231146135,0.006229227
"Cephalobidae","Nematode-extracted DNA vs Morphological identification","Nematode-extracted DNA","Morphological identification",0.202069899,0.060139798
"Cephalobidae","Nematode-extracted DNA vs Morphological identification","Nematode-extracted DNA","Morphological identification",0.1679955455,0.055991091
"Cephalobidae","Nematode-extracted DNA vs Morphological identification","Nematode-extracted DNA","Morphological identification",0.1501802655,-0.064280353
"Cephalobidae","Nematode-extracted DNA vs Morphological identification","Nematode-extracted DNA","Morphological identification",0.3186729485,-0.010654103
"Cephalobidae","Nematode-extracted DNA vs Morphological identification","Nematode-extracted DNA","Morphological identification",0.1792304265,-0.097539147
"Cephalobidae","Nematode-extracted DNA vs Morphological identification","Nematode-extracted DNA","Morphological identification",0.427911256,-0.200177488
"Cephalobidae","Nematode-extracted DNA vs Morphological identification","Nematode-extracted DNA","Morphological identification",0.1241007175,0.00706668299999999
"Cephalobidae","Nematode-extracted DNA vs Morphological identification","Nematode-extracted DNA","Morphological identification",0.3275065375,-0.00536428299999997
"Cephalobidae","Nematode-extracted DNA vs Morphological identification","Nematode-extracted DNA","Morphological identification",0.0789503745,-0.047227457
"Monhysteridae","Nematode-extracted DNA vs Morphological identification","Nematode-extracted DNA","Morphological identification",0.005303809,-0.002212894
"Monhysteridae","Nematode-extracted DNA vs Morphological identification","Nematode-extracted DNA","Morphological identification",0.0152933895,-0.007629781
"Monhysteridae","Nematode-extracted DNA vs Morphological identification","Nematode-extracted DNA","Morphological identification",0.014544657,0.000720520000000001
"Monhysteridae","Nematode-extracted DNA vs Morphological identification","Nematode-extracted DNA","Morphological identification",0.008882645,0.00176529
"Monhysteridae","Nematode-extracted DNA vs Morphological identification","Nematode-extracted DNA","Morphological identification",0.0126510645,-0.007484757
"Monhysteridae","Nematode-extracted DNA vs Morphological identification","Nematode-extracted DNA","Morphological identification",0,0
"Monhysteridae","Nematode-extracted DNA vs Morphological identification","Nematode-extracted DNA","Morphological identification",0.0524045115,-0.057353139
"Monhysteridae","Nematode-extracted DNA vs Morphological identification","Nematode-extracted DNA","Morphological identification",0.0625467905,-0.094084501
"Monhysteridae","Nematode-extracted DNA vs Morphological identification","Nematode-extracted DNA","Morphological identification",0.0253462395,0.018692479
"Monhysteridae","Nematode-extracted DNA vs Morphological identification","Nematode-extracted DNA","Morphological identification",0.0059403805,0.003880761
"Monhysteridae","Nematode-extracted DNA vs Morphological identification","Nematode-extracted DNA","Morphological identification",0.0217392495,-0.020521501
"Monhysteridae","Nematode-extracted DNA vs Morphological identification","Nematode-extracted DNA","Morphological identification",0.0248405815,-0.038716627
"Monhysteridae","Nematode-extracted DNA vs Morphological identification","Nematode-extracted DNA","Morphological identification",0.009610759,0.003221518
"Monhysteridae","Nematode-extracted DNA vs Morphological identification","Nematode-extracted DNA","Morphological identification",0,0
"Monhysteridae","Nematode-extracted DNA vs Morphological identification","Nematode-extracted DNA","Morphological identification",0.0052849065,-0.005430187
"Monhysteridae","Nematode-extracted DNA vs Morphological identification","Nematode-extracted DNA","Morphological identification",0.0359409345,-0.055777705
"Monhysteridae","Nematode-extracted DNA vs Morphological identification","Nematode-extracted DNA","Morphological identification",0.039292283,0.021980792
"Monhysteridae","Nematode-extracted DNA vs Morphological identification","Nematode-extracted DNA","Morphological identification",0.17317686,-0.166466792
"Mononchidae","Nematode-extracted DNA vs Morphological identification","Nematode-extracted DNA","Morphological identification",0.0096153845,-0.019230769
"Mononchidae","Nematode-extracted DNA vs Morphological identification","Nematode-extracted DNA","Morphological identification",0.037234739,0.061730624
"Mononchidae","Nematode-extracted DNA vs Morphological identification","Nematode-extracted DNA","Morphological identification",0.023813603,0.047627206
"Mononchidae","Nematode-extracted DNA vs Morphological identification","Nematode-extracted DNA","Morphological identification",0,0
"Mononchidae","Nematode-extracted DNA vs Morphological identification","Nematode-extracted DNA","Morphological identification",0.0403327275,0.064272013
"Mononchidae","Nematode-extracted DNA vs Morphological identification","Nematode-extracted DNA","Morphological identification",0.143314031,0.078628062
"Mononchidae","Nematode-extracted DNA vs Morphological identification","Nematode-extracted DNA","Morphological identification",0.1006834315,0.174339835
"Mononchidae","Nematode-extracted DNA vs Morphological identification","Nematode-extracted DNA","Morphological identification",0.066126341,0.104855422
"Mononchidae","Nematode-extracted DNA vs Morphological identification","Nematode-extracted DNA","Morphological identification",0.00972246,0.01944492
"Mononchidae","Nematode-extracted DNA vs Morphological identification","Nematode-extracted DNA","Morphological identification",0,0
"Mononchidae","Nematode-extracted DNA vs Morphological identification","Nematode-extracted DNA","Morphological identification",0,0
"Mononchidae","Nematode-extracted DNA vs Morphological identification","Nematode-extracted DNA","Morphological identification",0,0
"Mononchidae","Nematode-extracted DNA vs Morphological identification","Nematode-extracted DNA","Morphological identification",0.012450574,0.016901148
"Mononchidae","Nematode-extracted DNA vs Morphological identification","Nematode-extracted DNA","Morphological identification",0.039497002,0.030994004
"Mononchidae","Nematode-extracted DNA vs Morphological identification","Nematode-extracted DNA","Morphological identification",0.0063388725,0.012677745
"Mononchidae","Nematode-extracted DNA vs Morphological identification","Nematode-extracted DNA","Morphological identification",0,0
"Mononchidae","Nematode-extracted DNA vs Morphological identification","Nematode-extracted DNA","Morphological identification",0.0054822685,0.010964537
"Mononchidae","Nematode-extracted DNA vs Morphological identification","Nematode-extracted DNA","Morphological identification",0.0198161155,0.013991205
"Panagrolaimidae","Nematode-extracted DNA vs Morphological identification","Nematode-extracted DNA","Morphological identification",0.042102107,0.084204214
"Panagrolaimidae","Nematode-extracted DNA vs Morphological identification","Nematode-extracted DNA","Morphological identification",0.0085537685,-0.008370171
"Panagrolaimidae","Nematode-extracted DNA vs Morphological identification","Nematode-extracted DNA","Morphological identification",0.0011135855,0.002227171
"Panagrolaimidae","Nematode-extracted DNA vs Morphological identification","Nematode-extracted DNA","Morphological identification",0.029217749,0.010435498
"Panagrolaimidae","Nematode-extracted DNA vs Morphological identification","Nematode-extracted DNA","Morphological identification",0.206569805,0.04428715
"Panagrolaimidae","Nematode-extracted DNA vs Morphological identification","Nematode-extracted DNA","Morphological identification",0.01382491,-0.00435018
"Panagrolaimidae","Nematode-extracted DNA vs Morphological identification","Nematode-extracted DNA","Morphological identification",0.021137293,-0.011779468
"Panagrolaimidae","Nematode-extracted DNA vs Morphological identification","Nematode-extracted DNA","Morphological identification",0.030277446,0.033157632
"Panagrolaimidae","Nematode-extracted DNA vs Morphological identification","Nematode-extracted DNA","Morphological identification",0.0163984925,-0.023203015
"Panagrolaimidae","Nematode-extracted DNA vs Morphological identification","Nematode-extracted DNA","Morphological identification",0.0972622925,-0.045475415
"Panagrolaimidae","Nematode-extracted DNA vs Morphological identification","Nematode-extracted DNA","Morphological identification",0.040549255,-0.03090149
"Panagrolaimidae","Nematode-extracted DNA vs Morphological identification","Nematode-extracted DNA","Morphological identification",0.056084873,-0.009377216
"Panagrolaimidae","Nematode-extracted DNA vs Morphological identification","Nematode-extracted DNA","Morphological identification",0.1294408085,0.026881617
"Panagrolaimidae","Nematode-extracted DNA vs Morphological identification","Nematode-extracted DNA","Morphological identification",0.07444098,0.04488196
"Panagrolaimidae","Nematode-extracted DNA vs Morphological identification","Nematode-extracted DNA","Morphological identification",0.062264177,0.012528354
"Panagrolaimidae","Nematode-extracted DNA vs Morphological identification","Nematode-extracted DNA","Morphological identification",0.0346560275,-0.058347519
"Panagrolaimidae","Nematode-extracted DNA vs Morphological identification","Nematode-extracted DNA","Morphological identification",0.0210724685,0.042144937
"Panagrolaimidae","Nematode-extracted DNA vs Morphological identification","Nematode-extracted DNA","Morphological identification",0.10660442,0.136285764
"Rhabditidae","Nematode-extracted DNA vs Morphological identification","Nematode-extracted DNA","Morphological identification",0.032189776,-0.063008984
"Rhabditidae","Nematode-extracted DNA vs Morphological identification","Nematode-extracted DNA","Morphological identification",0.0539196035,-0.104926751
"Rhabditidae","Nematode-extracted DNA vs Morphological identification","Nematode-extracted DNA","Morphological identification",0.022240192,-0.027519616
"Rhabditidae","Nematode-extracted DNA vs Morphological identification","Nematode-extracted DNA","Morphological identification",0.0874343855,-0.013655819
"Rhabditidae","Nematode-extracted DNA vs Morphological identification","Nematode-extracted DNA","Morphological identification",0.0466852835,-0.090629433
"Rhabditidae","Nematode-extracted DNA vs Morphological identification","Nematode-extracted DNA","Morphological identification",0.0162546475,-0.021544759
"Rhabditidae","Nematode-extracted DNA vs Morphological identification","Nematode-extracted DNA","Morphological identification",0.040540858,-0.069603216
"Rhabditidae","Nematode-extracted DNA vs Morphological identification","Nematode-extracted DNA","Morphological identification",0.018599623,-0.034800754
"Rhabditidae","Nematode-extracted DNA vs Morphological identification","Nematode-extracted DNA","Morphological identification",0.0077392495,0.007478499
"Rhabditidae","Nematode-extracted DNA vs Morphological identification","Nematode-extracted DNA","Morphological identification",0.007584718,-0.008830564
"Rhabditidae","Nematode-extracted DNA vs Morphological identification","Nematode-extracted DNA","Morphological identification",0.0099148415,-0.013319489
"Rhabditidae","Nematode-extracted DNA vs Morphological identification","Nematode-extracted DNA","Morphological identification",0.046590029,0.061180058
"Rhabditidae","Nematode-extracted DNA vs Morphological identification","Nematode-extracted DNA","Morphological identification",0.0312420765,-0.057515847
"Rhabditidae","Nematode-extracted DNA vs Morphological identification","Nematode-extracted DNA","Morphological identification",0.0219534005,-0.020093199
"Rhabditidae","Nematode-extracted DNA vs Morphological identification","Nematode-extracted DNA","Morphological identification",0.041071752,-0.059700468
"Rhabditidae","Nematode-extracted DNA vs Morphological identification","Nematode-extracted DNA","Morphological identification",0.1031998215,-0.152090923
"Rhabditidae","Nematode-extracted DNA vs Morphological identification","Nematode-extracted DNA","Morphological identification",0.0601193535,0.017674605
"Tylenchidae","Nematode-extracted DNA vs Morphological identification","Nematode-extracted DNA","Morphological identification",0.0179173095,-0.015447433
"Tylenchidae","Nematode-extracted DNA vs Morphological identification","Nematode-extracted DNA","Morphological identification",0.1239899435,-0.070491451
"Tylenchidae","Nematode-extracted DNA vs Morphological identification","Nematode-extracted DNA","Morphological identification",0.0946827345,-0.179428857
"Tylenchidae","Nematode-extracted DNA vs Morphological identification","Nematode-extracted DNA","Morphological identification",0.018171321,-0.035657358
"Tylenchidae","Nematode-extracted DNA vs Morphological identification","Nematode-extracted DNA","Morphological identification",0.0145584135,-0.028260223
"Tylenchidae","Nematode-extracted DNA vs Morphological identification","Nematode-extracted DNA","Morphological identification",0.0404711325,-0.079057735
"Tylenchidae","Nematode-extracted DNA vs Morphological identification","Nematode-extracted DNA","Morphological identification",0.1183017005,-0.195829031
"Tylenchidae","Nematode-extracted DNA vs Morphological identification","Nematode-extracted DNA","Morphological identification",0.0431945715,-0.077994419
"Tylenchidae","Nematode-extracted DNA vs Morphological identification","Nematode-extracted DNA","Morphological identification",0.008214151,-0.015571698
"Tylenchidae","Nematode-extracted DNA vs Morphological identification","Nematode-extracted DNA","Morphological identification",0.0148994345,-0.026201131
"Tylenchidae","Nematode-extracted DNA vs Morphological identification","Nematode-extracted DNA","Morphological identification",0.015370567,-0.025258866
"Tylenchidae","Nematode-extracted DNA vs Morphological identification","Nematode-extracted DNA","Morphological identification",0.008,-0.016
"Tylenchidae","Nematode-extracted DNA vs Morphological identification","Nematode-extracted DNA","Morphological identification",0.002813774,-0.002372452
"Tylenchidae","Nematode-extracted DNA vs Morphological identification","Nematode-extracted DNA","Morphological identification",0.006599623,-0.010800754
"Tylenchidae","Nematode-extracted DNA vs Morphological identification","Nematode-extracted DNA","Morphological identification",0.046099291,-0.092198582
"Tylenchidae","Nematode-extracted DNA vs Morphological identification","Nematode-extracted DNA","Morphological identification",0.0475981135,-0.093483019
"Tylenchidae","Nematode-extracted DNA vs Morphological identification","Nematode-extracted DNA","Morphological identification",0.067057849,-0.122294558
"Aphelenchidae","Nematode-extracted DNA vs Mass proportion","Nematode-extracted DNA","Mass proportion",0.028943711,0.006015268
"Aphelenchidae","Nematode-extracted DNA vs Mass proportion","Nematode-extracted DNA","Mass proportion",0.0065123795,-0.005486641
"Aphelenchidae","Nematode-extracted DNA vs Mass proportion","Nematode-extracted DNA","Mass proportion",0.006698826,-0.008771988
"Aphelenchidae","Nematode-extracted DNA vs Mass proportion","Nematode-extracted DNA","Mass proportion",0.0123086715,-0.011082993
"Aphelenchidae","Nematode-extracted DNA vs Mass proportion","Nematode-extracted DNA","Mass proportion",0.008529776,-0.007979546
"Aphelenchidae","Nematode-extracted DNA vs Mass proportion","Nematode-extracted DNA","Mass proportion",0.0049391545,-0.006965853
"Aphelenchidae","Nematode-extracted DNA vs Mass proportion","Nematode-extracted DNA","Mass proportion",0.001199246,0.002398492
"Aphelenchidae","Nematode-extracted DNA vs Mass proportion","Nematode-extracted DNA","Mass proportion",0.0010279255,0.002055851
"Aphelenchidae","Nematode-extracted DNA vs Mass proportion","Nematode-extracted DNA","Mass proportion",0.0011247055,-0.001564127
"Aphelenchidae","Nematode-extracted DNA vs Mass proportion","Nematode-extracted DNA","Mass proportion",0.013698383,-0.025169594
"Aphelenchidae","Nematode-extracted DNA vs Mass proportion","Nematode-extracted DNA","Mass proportion",0.0057237335,-0.001510855
"Aphelenchidae","Nematode-extracted DNA vs Mass proportion","Nematode-extracted DNA","Mass proportion",0.00247321,0.000193206
"Aphelenchidae","Nematode-extracted DNA vs Mass proportion","Nematode-extracted DNA","Mass proportion",0.0136818215,-0.007490421
"Aphelenchidae","Nematode-extracted DNA vs Mass proportion","Nematode-extracted DNA","Mass proportion",0.003900071,8.06180000000002e-05
"Aphelenchidae","Nematode-extracted DNA vs Mass proportion","Nematode-extracted DNA","Mass proportion",0.0057570425,-0.003462003
"Aphelenchidae","Nematode-extracted DNA vs Mass proportion","Nematode-extracted DNA","Mass proportion",0.0110124095,-0.016885193
"Aphelenchidae","Nematode-extracted DNA vs Mass proportion","Nematode-extracted DNA","Mass proportion",0.028771289,-0.036127468
"Aphelenchidae","Nematode-extracted DNA vs Mass proportion","Nematode-extracted DNA","Mass proportion",0.0023146585,0.001195593
"Aphelenchoididae","Nematode-extracted DNA vs Mass proportion","Nematode-extracted DNA","Mass proportion",0.0724413775,0.031406435
"Aphelenchoididae","Nematode-extracted DNA vs Mass proportion","Nematode-extracted DNA","Mass proportion",0.029599649,-0.025277762
"Aphelenchoididae","Nematode-extracted DNA vs Mass proportion","Nematode-extracted DNA","Mass proportion",0.0150401365,-0.021342907
"Aphelenchoididae","Nematode-extracted DNA vs Mass proportion","Nematode-extracted DNA","Mass proportion",0.025685581,-0.009911508
"Aphelenchoididae","Nematode-extracted DNA vs Mass proportion","Nematode-extracted DNA","Mass proportion",0.0206811235,-0.032110919
"Aphelenchoididae","Nematode-extracted DNA vs Mass proportion","Nematode-extracted DNA","Mass proportion",0.00896048,-0.014323222
"Aphelenchoididae","Nematode-extracted DNA vs Mass proportion","Nematode-extracted DNA","Mass proportion",0.0023500685,-0.001102399
"Aphelenchoididae","Nematode-extracted DNA vs Mass proportion","Nematode-extracted DNA","Mass proportion",0.0085799955,0.011621917
"Aphelenchoididae","Nematode-extracted DNA vs Mass proportion","Nematode-extracted DNA","Mass proportion",0.0579078105,-0.081208803
"Aphelenchoididae","Nematode-extracted DNA vs Mass proportion","Nematode-extracted DNA","Mass proportion",0.0316262125,-0.048690149
"Aphelenchoididae","Nematode-extracted DNA vs Mass proportion","Nematode-extracted DNA","Mass proportion",0.0169846825,-0.014438785
"Aphelenchoididae","Nematode-extracted DNA vs Mass proportion","Nematode-extracted DNA","Mass proportion",0.0150987245,-0.019746875
"Aphelenchoididae","Nematode-extracted DNA vs Mass proportion","Nematode-extracted DNA","Mass proportion",0.0094340275,-0.018696655
"Aphelenchoididae","Nematode-extracted DNA vs Mass proportion","Nematode-extracted DNA","Mass proportion",0.0311725365,0.014064041
"Aphelenchoididae","Nematode-extracted DNA vs Mass proportion","Nematode-extracted DNA","Mass proportion",0.019232133,-0.031954072
"Aphelenchoididae","Nematode-extracted DNA vs Mass proportion","Nematode-extracted DNA","Mass proportion",0.0182769535,-0.019935781
"Aphelenchoididae","Nematode-extracted DNA vs Mass proportion","Nematode-extracted DNA","Mass proportion",0.0228154985,-0.021303431
"Aphelenchoididae","Nematode-extracted DNA vs Mass proportion","Nematode-extracted DNA","Mass proportion",0.003933244,-0.000842332
"Cephalobidae","Nematode-extracted DNA vs Mass proportion","Nematode-extracted DNA","Mass proportion",0.232591256,-0.123226028
"Cephalobidae","Nematode-extracted DNA vs Mass proportion","Nematode-extracted DNA","Mass proportion",0.1021808235,0.00122341299999999
"Cephalobidae","Nematode-extracted DNA vs Mass proportion","Nematode-extracted DNA","Mass proportion",0.1899471065,0.041897803
"Cephalobidae","Nematode-extracted DNA vs Mass proportion","Nematode-extracted DNA","Mass proportion",0.3340325455,-0.023898567
"Cephalobidae","Nematode-extracted DNA vs Mass proportion","Nematode-extracted DNA","Mass proportion",0.248174483,-0.075584874
"Cephalobidae","Nematode-extracted DNA vs Mass proportion","Nematode-extracted DNA","Mass proportion",0.0870027175,-0.013306445
"Cephalobidae","Nematode-extracted DNA vs Mass proportion","Nematode-extracted DNA","Mass proportion",0.042098672,0.063138616
"Cephalobidae","Nematode-extracted DNA vs Mass proportion","Nematode-extracted DNA","Mass proportion",0.1222325565,-0.062008371
"Cephalobidae","Nematode-extracted DNA vs Mass proportion","Nematode-extracted DNA","Mass proportion",0.1878195935,0.076819267
"Cephalobidae","Nematode-extracted DNA vs Mass proportion","Nematode-extracted DNA","Mass proportion",0.192668963,0.07894167
"Cephalobidae","Nematode-extracted DNA vs Mass proportion","Nematode-extracted DNA","Mass proportion",0.147775661,0.09643086
"Cephalobidae","Nematode-extracted DNA vs Mass proportion","Nematode-extracted DNA","Mass proportion",0.079793477,0.076493224
"Cephalobidae","Nematode-extracted DNA vs Mass proportion","Nematode-extracted DNA","Mass proportion",0.2395569915,0.147577811
"Cephalobidae","Nematode-extracted DNA vs Mass proportion","Nematode-extracted DNA","Mass proportion",0.1145787715,0.031764163
"Cephalobidae","Nematode-extracted DNA vs Mass proportion","Nematode-extracted DNA","Mass proportion",0.307983836,0.039677352
"Cephalobidae","Nematode-extracted DNA vs Mass proportion","Nematode-extracted DNA","Mass proportion",0.0952430185,0.064782081
"Cephalobidae","Nematode-extracted DNA vs Mass proportion","Nematode-extracted DNA","Mass proportion",0.3132159385,0.023216915
"Cephalobidae","Nematode-extracted DNA vs Mass proportion","Nematode-extracted DNA","Mass proportion",0.0550789605,0.000515371000000001
"Monhysteridae","Nematode-extracted DNA vs Mass proportion","Nematode-extracted DNA","Mass proportion",0.003368198,0.001658328
"Monhysteridae","Nematode-extracted DNA vs Mass proportion","Nematode-extracted DNA","Mass proportion",0.0085142135,0.005928571
"Monhysteridae","Nematode-extracted DNA vs Mass proportion","Nematode-extracted DNA","Mass proportion",0.0101548655,0.009500103
"Monhysteridae","Nematode-extracted DNA vs Mass proportion","Nematode-extracted DNA","Mass proportion",0.006679369,0.006171842
"Monhysteridae","Nematode-extracted DNA vs Mass proportion","Nematode-extracted DNA","Mass proportion",0.0103392775,-0.002861183
"Monhysteridae","Nematode-extracted DNA vs Mass proportion","Nematode-extracted DNA","Mass proportion",0,0
"Monhysteridae","Nematode-extracted DNA vs Mass proportion","Nematode-extracted DNA","Mass proportion",0.017595734,0.012264416
"Monhysteridae","Nematode-extracted DNA vs Mass proportion","Nematode-extracted DNA","Mass proportion",0.023769696,-0.016530312
"Monhysteridae","Nematode-extracted DNA vs Mass proportion","Nematode-extracted DNA","Mass proportion",0.0257309175,0.017923123
"Monhysteridae","Nematode-extracted DNA vs Mass proportion","Nematode-extracted DNA","Mass proportion",0.014155997,-0.012550472
"Monhysteridae","Nematode-extracted DNA vs Mass proportion","Nematode-extracted DNA","Mass proportion",0.012595328,-0.002233658
"Monhysteridae","Nematode-extracted DNA vs Mass proportion","Nematode-extracted DNA","Mass proportion",0.0078283775,-0.004692219
"Monhysteridae","Nematode-extracted DNA vs Mass proportion","Nematode-extracted DNA","Mass proportion",0.00639804,0.009646956
"Monhysteridae","Nematode-extracted DNA vs Mass proportion","Nematode-extracted DNA","Mass proportion",0,0
"Monhysteridae","Nematode-extracted DNA vs Mass proportion","Nematode-extracted DNA","Mass proportion",0.003784385,-0.002429144
"Monhysteridae","Nematode-extracted DNA vs Mass proportion","Nematode-extracted DNA","Mass proportion",0.020083587,-0.02406301
"Monhysteridae","Nematode-extracted DNA vs Mass proportion","Nematode-extracted DNA","Mass proportion",0.0530632285,-0.005561099
"Monhysteridae","Nematode-extracted DNA vs Mass proportion","Nematode-extracted DNA","Mass proportion",0.114948489,-0.05001005
"Mononchidae","Nematode-extracted DNA vs Mass proportion","Nematode-extracted DNA","Mass proportion",0.0262263505,-0.052452701
"Mononchidae","Nematode-extracted DNA vs Mass proportion","Nematode-extracted DNA","Mass proportion",0.066920077,0.002359948
"Mononchidae","Nematode-extracted DNA vs Mass proportion","Nematode-extracted DNA","Mass proportion",0.023813603,0.047627206
"Mononchidae","Nematode-extracted DNA vs Mass proportion","Nematode-extracted DNA","Mass proportion",0,0
"Mononchidae","Nematode-extracted DNA vs Mass proportion","Nematode-extracted DNA","Mass proportion",0.073873142,-0.00280881599999999
"Mononchidae","Nematode-extracted DNA vs Mass proportion","Nematode-extracted DNA","Mass proportion",0.269022268,-0.172788412
"Mononchidae","Nematode-extracted DNA vs Mass proportion","Nematode-extracted DNA","Mass proportion",0.103835129,0.16803644
"Mononchidae","Nematode-extracted DNA vs Mass proportion","Nematode-extracted DNA","Mass proportion",0.07984457,0.077418964
"Mononchidae","Nematode-extracted DNA vs Mass proportion","Nematode-extracted DNA","Mass proportion",0.00972246,0.01944492
"Mononchidae","Nematode-extracted DNA vs Mass proportion","Nematode-extracted DNA","Mass proportion",0,0
"Mononchidae","Nematode-extracted DNA vs Mass proportion","Nematode-extracted DNA","Mass proportion",0,0
"Mononchidae","Nematode-extracted DNA vs Mass proportion","Nematode-extracted DNA","Mass proportion",0,0
"Mononchidae","Nematode-extracted DNA vs Mass proportion","Nematode-extracted DNA","Mass proportion",0.0239856635,-0.006169031
"Mononchidae","Nematode-extracted DNA vs Mass proportion","Nematode-extracted DNA","Mass proportion",0.0819699005,-0.053951793
"Mononchidae","Nematode-extracted DNA vs Mass proportion","Nematode-extracted DNA","Mass proportion",0.0063388725,0.012677745
"Mononchidae","Nematode-extracted DNA vs Mass proportion","Nematode-extracted DNA","Mass proportion",0,0
"Mononchidae","Nematode-extracted DNA vs Mass proportion","Nematode-extracted DNA","Mass proportion",0.0054822685,0.010964537
"Mononchidae","Nematode-extracted DNA vs Mass proportion","Nematode-extracted DNA","Mass proportion",0.0401860355,-0.026748635
"Panagrolaimidae","Nematode-extracted DNA vs Mass proportion","Nematode-extracted DNA","Mass proportion",0.042102107,0.084204214
"Panagrolaimidae","Nematode-extracted DNA vs Mass proportion","Nematode-extracted DNA","Mass proportion",0.005226605,-0.001715844
"Panagrolaimidae","Nematode-extracted DNA vs Mass proportion","Nematode-extracted DNA","Mass proportion",0.0011135855,0.002227171
"Panagrolaimidae","Nematode-extracted DNA vs Mass proportion","Nematode-extracted DNA","Mass proportion",0.024987649,0.018895698
"Panagrolaimidae","Nematode-extracted DNA vs Mass proportion","Nematode-extracted DNA","Mass proportion",0.2124041025,0.032618555
"Panagrolaimidae","Nematode-extracted DNA vs Mass proportion","Nematode-extracted DNA","Mass proportion",0.01001197,0.0032757
"Panagrolaimidae","Nematode-extracted DNA vs Mass proportion","Nematode-extracted DNA","Mass proportion",0.0106574595,0.009180199
"Panagrolaimidae","Nematode-extracted DNA vs Mass proportion","Nematode-extracted DNA","Mass proportion",0.02667157,0.040369384
"Panagrolaimidae","Nematode-extracted DNA vs Mass proportion","Nematode-extracted DNA","Mass proportion",0.017340518,-0.025087066
"Panagrolaimidae","Nematode-extracted DNA vs Mass proportion","Nematode-extracted DNA","Mass proportion",0.112852978,-0.076656786
"Panagrolaimidae","Nematode-extracted DNA vs Mass proportion","Nematode-extracted DNA","Mass proportion",0.0366480165,-0.023099013
"Panagrolaimidae","Nematode-extracted DNA vs Mass proportion","Nematode-extracted DNA","Mass proportion",0.037824108,0.027144314
"Panagrolaimidae","Nematode-extracted DNA vs Mass proportion","Nematode-extracted DNA","Mass proportion",0.1272527365,0.031257761
"Panagrolaimidae","Nematode-extracted DNA vs Mass proportion","Nematode-extracted DNA","Mass proportion",0.0578931325,0.077977655
"Panagrolaimidae","Nematode-extracted DNA vs Mass proportion","Nematode-extracted DNA","Mass proportion",0.045887422,0.045281864
"Panagrolaimidae","Nematode-extracted DNA vs Mass proportion","Nematode-extracted DNA","Mass proportion",0.0253916135,-0.039818691
"Panagrolaimidae","Nematode-extracted DNA vs Mass proportion","Nematode-extracted DNA","Mass proportion",0.0210724685,0.042144937
"Panagrolaimidae","Nematode-extracted DNA vs Mass proportion","Nematode-extracted DNA","Mass proportion",0.0937803595,0.161933885
"Rhabditidae","Nematode-extracted DNA vs Mass proportion","Nematode-extracted DNA","Mass proportion",0.0441865015,-0.087002435
"Rhabditidae","Nematode-extracted DNA vs Mass proportion","Nematode-extracted DNA","Mass proportion",0.067930418,-0.13294838
"Rhabditidae","Nematode-extracted DNA vs Mass proportion","Nematode-extracted DNA","Mass proportion",0.0312149235,-0.045469079
"Rhabditidae","Nematode-extracted DNA vs Mass proportion","Nematode-extracted DNA","Mass proportion",0.081019271,-0.000825590000000001
"Rhabditidae","Nematode-extracted DNA vs Mass proportion","Nematode-extracted DNA","Mass proportion",0.035767378,-0.068793622
"Rhabditidae","Nematode-extracted DNA vs Mass proportion","Nematode-extracted DNA","Mass proportion",0.005782095,-0.000599654
"Rhabditidae","Nematode-extracted DNA vs Mass proportion","Nematode-extracted DNA","Mass proportion",0.0349976495,-0.058516799
"Rhabditidae","Nematode-extracted DNA vs Mass proportion","Nematode-extracted DNA","Mass proportion",0.032685572,-0.062972652
"Rhabditidae","Nematode-extracted DNA vs Mass proportion","Nematode-extracted DNA","Mass proportion",0.012418149,-0.0018793
"Rhabditidae","Nematode-extracted DNA vs Mass proportion","Nematode-extracted DNA","Mass proportion",0.0036176525,-0.000896433
"Rhabditidae","Nematode-extracted DNA vs Mass proportion","Nematode-extracted DNA","Mass proportion",0.0073455965,-0.008180999
"Rhabditidae","Nematode-extracted DNA vs Mass proportion","Nematode-extracted DNA","Mass proportion",0.051547713,0.05126469
"Rhabditidae","Nematode-extracted DNA vs Mass proportion","Nematode-extracted DNA","Mass proportion",0.06982777,-0.134687234
"Rhabditidae","Nematode-extracted DNA vs Mass proportion","Nematode-extracted DNA","Mass proportion",0.0137846095,-0.003755617
"Rhabditidae","Nematode-extracted DNA vs Mass proportion","Nematode-extracted DNA","Mass proportion",0.042678363,-0.06291369
"Rhabditidae","Nematode-extracted DNA vs Mass proportion","Nematode-extracted DNA","Mass proportion",0.111539091,-0.168769462
"Rhabditidae","Nematode-extracted DNA vs Mass proportion","Nematode-extracted DNA","Mass proportion",0.0459282045,0.046056903
"Tylenchidae","Nematode-extracted DNA vs Mass proportion","Nematode-extracted DNA","Mass proportion",0.0401967915,-0.060006397
"Tylenchidae","Nematode-extracted DNA vs Mass proportion","Nematode-extracted DNA","Mass proportion",0.18079809,-0.184107744
"Tylenchidae","Nematode-extracted DNA vs Mass proportion","Nematode-extracted DNA","Mass proportion",0.1049419365,-0.199947261
"Tylenchidae","Nematode-extracted DNA vs Mass proportion","Nematode-extracted DNA","Mass proportion",0.0035774065,-0.006469529
"Tylenchidae","Nematode-extracted DNA vs Mass proportion","Nematode-extracted DNA","Mass proportion",0.005579553,-0.010302502
"Tylenchidae","Nematode-extracted DNA vs Mass proportion","Nematode-extracted DNA","Mass proportion",0.0124364655,-0.022988401
"Tylenchidae","Nematode-extracted DNA vs Mass proportion","Nematode-extracted DNA","Mass proportion",0.075401252,-0.110028134
"Tylenchidae","Nematode-extracted DNA vs Mass proportion","Nematode-extracted DNA","Mass proportion",0.022155676,-0.035916628
"Tylenchidae","Nematode-extracted DNA vs Mass proportion","Nematode-extracted DNA","Mass proportion",0.001689482,-0.00252236
"Tylenchidae","Nematode-extracted DNA vs Mass proportion","Nematode-extracted DNA","Mass proportion",0.00911869,-0.014639642
"Tylenchidae","Nematode-extracted DNA vs Mass proportion","Nematode-extracted DNA","Mass proportion",0.014768673,-0.024055078
"Tylenchidae","Nematode-extracted DNA vs Mass proportion","Nematode-extracted DNA","Mass proportion",0.007099428,-0.014198856
"Tylenchidae","Nematode-extracted DNA vs Mass proportion","Nematode-extracted DNA","Mass proportion",0.0010398555,0.001175385
"Tylenchidae","Nematode-extracted DNA vs Mass proportion","Nematode-extracted DNA","Mass proportion",0.0035043555,-0.004610219
"Tylenchidae","Nematode-extracted DNA vs Mass proportion","Nematode-extracted DNA","Mass proportion",0.021499361,-0.042998722
"Tylenchidae","Nematode-extracted DNA vs Mass proportion","Nematode-extracted DNA","Mass proportion",0.0275376825,-0.053362157
"Tylenchidae","Nematode-extracted DNA vs Mass proportion","Nematode-extracted DNA","Mass proportion",0.0318172505,-0.051813361
"Aphelenchidae","eDNA metabarcoding vs Morphological identification","eDNA metabarcoding","Morphological identification",0.038581898,-0.03822082
"Aphelenchidae","eDNA metabarcoding vs Morphological identification","eDNA metabarcoding","Morphological identification",0.0203883665,-0.010178681
"Aphelenchidae","eDNA metabarcoding vs Morphological identification","eDNA metabarcoding","Morphological identification",0.010638298,-0.021276596
"Aphelenchidae","eDNA metabarcoding vs Morphological identification","eDNA metabarcoding","Morphological identification",0.100845619,0.073691238
"Aphelenchidae","eDNA metabarcoding vs Morphological identification","eDNA metabarcoding","Morphological identification",0.017162954,-0.01485442
"Aphelenchidae","eDNA metabarcoding vs Morphological identification","eDNA metabarcoding","Morphological identification",0.023821975,-0.00035605
"Aphelenchidae","eDNA metabarcoding vs Morphological identification","eDNA metabarcoding","Morphological identification",0.009735744,0.019471488
"Aphelenchidae","eDNA metabarcoding vs Morphological identification","eDNA metabarcoding","Morphological identification",0.004867872,0.009735744
"Aphelenchidae","eDNA metabarcoding vs Morphological identification","eDNA metabarcoding","Morphological identification",0.004,-0.008
"Aphelenchidae","eDNA metabarcoding vs Morphological identification","eDNA metabarcoding","Morphological identification",0.0259944365,0.011988873
"Aphelenchidae","eDNA metabarcoding vs Morphological identification","eDNA metabarcoding","Morphological identification",0.008781641,-0.006436718
"Aphelenchidae","eDNA metabarcoding vs Morphological identification","eDNA metabarcoding","Morphological identification",0.011049724,-0.022099448
"Aphelenchidae","eDNA metabarcoding vs Morphological identification","eDNA metabarcoding","Morphological identification",0.076069541,0.048139082
"Aphelenchidae","eDNA metabarcoding vs Morphological identification","eDNA metabarcoding","Morphological identification",0.008867872,0.001735744
"Aphelenchidae","eDNA metabarcoding vs Morphological identification","eDNA metabarcoding","Morphological identification",0.0281668985,0.024333797
"Aphelenchidae","eDNA metabarcoding vs Morphological identification","eDNA metabarcoding","Morphological identification",0.0437368685,-0.040185837
"Aphelenchidae","eDNA metabarcoding vs Morphological identification","eDNA metabarcoding","Morphological identification",0.04245283,-0.08490566
"Aphelenchidae","eDNA metabarcoding vs Morphological identification","eDNA metabarcoding","Morphological identification",0.009887308,-0.00586641
"Aphelenchoididae","eDNA metabarcoding vs Morphological identification","eDNA metabarcoding","Morphological identification",0.0559983595,-0.067490461
"Aphelenchoididae","eDNA metabarcoding vs Morphological identification","eDNA metabarcoding","Morphological identification",0.095027595,-0.153893854
"Aphelenchoididae","eDNA metabarcoding vs Morphological identification","eDNA metabarcoding","Morphological identification",0.075444619,-0.06187672
"Aphelenchoididae","eDNA metabarcoding vs Morphological identification","eDNA metabarcoding","Morphological identification",0.050954103,-0.074091794
"Aphelenchoididae","eDNA metabarcoding vs Morphological identification","eDNA metabarcoding","Morphological identification",0.0451931185,-0.065351467
"Aphelenchoididae","eDNA metabarcoding vs Morphological identification","eDNA metabarcoding","Morphological identification",0.044954103,-0.062091794
"Aphelenchoididae","eDNA metabarcoding vs Morphological identification","eDNA metabarcoding","Morphological identification",0.0162951545,-0.021463745
"Aphelenchoididae","eDNA metabarcoding vs Morphological identification","eDNA metabarcoding","Morphological identification",0.016532665,-0.00803056
"Aphelenchoididae","eDNA metabarcoding vs Morphological identification","eDNA metabarcoding","Morphological identification",0.088781641,-0.166436718
"Aphelenchoididae","eDNA metabarcoding vs Morphological identification","eDNA metabarcoding","Morphological identification",0.0503449235,-0.067310153
"Aphelenchoididae","eDNA metabarcoding vs Morphological identification","eDNA metabarcoding","Morphological identification",0.0283449235,-0.023310153
"Aphelenchoididae","eDNA metabarcoding vs Morphological identification","eDNA metabarcoding","Morphological identification",0.076053297,-0.102037052
"Aphelenchoididae","eDNA metabarcoding vs Morphological identification","eDNA metabarcoding","Morphological identification",0.022,-0.044
"Aphelenchoididae","eDNA metabarcoding vs Morphological identification","eDNA metabarcoding","Morphological identification",0.045040334,-0.053919332
"Aphelenchoididae","eDNA metabarcoding vs Morphological identification","eDNA metabarcoding","Morphological identification",0.044086231,-0.079827538
"Aphelenchoididae","eDNA metabarcoding vs Morphological identification","eDNA metabarcoding","Morphological identification",0.0410242755,-0.059795421
"Aphelenchoididae","eDNA metabarcoding vs Morphological identification","eDNA metabarcoding","Morphological identification",0.033169759,-0.04686803
"Aphelenchoididae","eDNA metabarcoding vs Morphological identification","eDNA metabarcoding","Morphological identification",0.019230769,-0.038461538
"Cephalobidae","eDNA metabarcoding vs Morphological identification","eDNA metabarcoding","Morphological identification",0.303426233,-0.431609072
"Cephalobidae","eDNA metabarcoding vs Morphological identification","eDNA metabarcoding","Morphological identification",0.1615743735,-0.211883101
"Cephalobidae","eDNA metabarcoding vs Morphological identification","eDNA metabarcoding","Morphological identification",0.2010179625,-0.321368331
"Cephalobidae","eDNA metabarcoding vs Morphological identification","eDNA metabarcoding","Morphological identification",0.3793685675,-0.497262865
"Cephalobidae","eDNA metabarcoding vs Morphological identification","eDNA metabarcoding","Morphological identification",0.27632299,-0.31620648
"Cephalobidae","eDNA metabarcoding vs Morphological identification","eDNA metabarcoding","Morphological identification",0.191293463,-0.257413074
"Cephalobidae","eDNA metabarcoding vs Morphological identification","eDNA metabarcoding","Morphological identification",0.0709412475,-0.047306695
"Cephalobidae","eDNA metabarcoding vs Morphological identification","eDNA metabarcoding","Morphological identification",0.1373530585,-0.177348677
"Cephalobidae","eDNA metabarcoding vs Morphological identification","eDNA metabarcoding","Morphological identification",0.1558970795,-0.128205841
"Cephalobidae","eDNA metabarcoding vs Morphological identification","eDNA metabarcoding","Morphological identification",0.1186842835,-0.106631433
"Cephalobidae","eDNA metabarcoding vs Morphological identification","eDNA metabarcoding","Morphological identification",0.120069541,-0.039860918
"Cephalobidae","eDNA metabarcoding vs Morphological identification","eDNA metabarcoding","Morphological identification",0.1349710695,-0.094698745
"Cephalobidae","eDNA metabarcoding vs Morphological identification","eDNA metabarcoding","Morphological identification",0.2391905425,-0.169618915
"Cephalobidae","eDNA metabarcoding vs Morphological identification","eDNA metabarcoding","Morphological identification",0.1536383865,-0.148723227
"Cephalobidae","eDNA metabarcoding vs Morphological identification","eDNA metabarcoding","Morphological identification",0.3432767735,-0.369446453
"Cephalobidae","eDNA metabarcoding vs Morphological identification","eDNA metabarcoding","Morphological identification",0.079059766,-0.08301522
"Cephalobidae","eDNA metabarcoding vs Morphological identification","eDNA metabarcoding","Morphological identification",0.2130776495,-0.234222059
"Cephalobidae","eDNA metabarcoding vs Morphological identification","eDNA metabarcoding","Morphological identification",0.088138797,-0.028850612
"Monhysteridae","eDNA metabarcoding vs Morphological identification","eDNA metabarcoding","Morphological identification",0.0449297455,0.077038979
"Monhysteridae","eDNA metabarcoding vs Morphological identification","eDNA metabarcoding","Morphological identification",0.0484971165,0.058777673
"Monhysteridae","eDNA metabarcoding vs Morphological identification","eDNA metabarcoding","Morphological identification",0.110708332,0.19304787
"Monhysteridae","eDNA metabarcoding vs Morphological identification","eDNA metabarcoding","Morphological identification",0.091621697,0.167243394
"Monhysteridae","eDNA metabarcoding vs Morphological identification","eDNA metabarcoding","Morphological identification",0.045053467,0.057320048
"Monhysteridae","eDNA metabarcoding vs Morphological identification","eDNA metabarcoding","Morphological identification",0.014603616,0.029207232
"Monhysteridae","eDNA metabarcoding vs Morphological identification","eDNA metabarcoding","Morphological identification",0.15806488,0.153967598
"Monhysteridae","eDNA metabarcoding vs Morphological identification","eDNA metabarcoding","Morphological identification",0.280107455,0.341036828
"Monhysteridae","eDNA metabarcoding vs Morphological identification","eDNA metabarcoding","Morphological identification",0.12691516,0.22183032
"Monhysteridae","eDNA metabarcoding vs Morphological identification","eDNA metabarcoding","Morphological identification",0.1007482615,0.193496523
"Monhysteridae","eDNA metabarcoding vs Morphological identification","eDNA metabarcoding","Morphological identification",0.1168344925,0.169668985
"Monhysteridae","eDNA metabarcoding vs Morphological identification","eDNA metabarcoding","Morphological identification",0.1667447885,0.245091787
"Monhysteridae","eDNA metabarcoding vs Morphological identification","eDNA metabarcoding","Morphological identification",0.087449235,0.15889847
"Monhysteridae","eDNA metabarcoding vs Morphological identification","eDNA metabarcoding","Morphological identification",0.0340751045,0.068150209
"Monhysteridae","eDNA metabarcoding vs Morphological identification","eDNA metabarcoding","Morphological identification",0.118742698,0.221485396
"Monhysteridae","eDNA metabarcoding vs Morphological identification","eDNA metabarcoding","Morphological identification",0.132749386,0.137839198
"Monhysteridae","eDNA metabarcoding vs Morphological identification","eDNA metabarcoding","Morphological identification",0.0711745875,0.085745401
"Monhysteridae","eDNA metabarcoding vs Morphological identification","eDNA metabarcoding","Morphological identification",0.254769801,-0.00328091000000003
"Mononchidae","eDNA metabarcoding vs Morphological identification","eDNA metabarcoding","Morphological identification",0.0096153845,-0.019230769
"Mononchidae","eDNA metabarcoding vs Morphological identification","eDNA metabarcoding","Morphological identification",0.0031847135,-0.006369427
"Mononchidae","eDNA metabarcoding vs Morphological identification","eDNA metabarcoding","Morphological identification",0,0
"Mononchidae","eDNA metabarcoding vs Morphological identification","eDNA metabarcoding","Morphological identification",0.0062586925,0.012517385
"Mononchidae","eDNA metabarcoding vs Morphological identification","eDNA metabarcoding","Morphological identification",0.0040983605,-0.008196721
"Mononchidae","eDNA metabarcoding vs Morphological identification","eDNA metabarcoding","Morphological identification",0.0916383865,-0.024723227
"Mononchidae","eDNA metabarcoding vs Morphological identification","eDNA metabarcoding","Morphological identification",0.006756757,-0.013513514
"Mononchidae","eDNA metabarcoding vs Morphological identification","eDNA metabarcoding","Morphological identification",0.006849315,-0.01369863
"Mononchidae","eDNA metabarcoding vs Morphological identification","eDNA metabarcoding","Morphological identification",0,0
"Mononchidae","eDNA metabarcoding vs Morphological identification","eDNA metabarcoding","Morphological identification",0,0
"Mononchidae","eDNA metabarcoding vs Morphological identification","eDNA metabarcoding","Morphological identification",0,0
"Mononchidae","eDNA metabarcoding vs Morphological identification","eDNA metabarcoding","Morphological identification",0,0
"Mononchidae","eDNA metabarcoding vs Morphological identification","eDNA metabarcoding","Morphological identification",0.002,-0.004
"Mononchidae","eDNA metabarcoding vs Morphological identification","eDNA metabarcoding","Morphological identification",0.012,-0.024
"Mononchidae","eDNA metabarcoding vs Morphological identification","eDNA metabarcoding","Morphological identification",0.006954103,0.013908206
"Mononchidae","eDNA metabarcoding vs Morphological identification","eDNA metabarcoding","Morphological identification",0,0
"Mononchidae","eDNA metabarcoding vs Morphological identification","eDNA metabarcoding","Morphological identification",0,0
"Mononchidae","eDNA metabarcoding vs Morphological identification","eDNA metabarcoding","Morphological identification",0.0064102565,-0.012820513
"Panagrolaimidae","eDNA metabarcoding vs Morphological identification","eDNA metabarcoding","Morphological identification",0.0104311545,0.020862309
"Panagrolaimidae","eDNA metabarcoding vs Morphological identification","eDNA metabarcoding","Morphological identification",0.006369427,-0.012738854
"Panagrolaimidae","eDNA metabarcoding vs Morphological identification","eDNA metabarcoding","Morphological identification",0,0
"Panagrolaimidae","eDNA metabarcoding vs Morphological identification","eDNA metabarcoding","Morphological identification",0.012,-0.024
"Panagrolaimidae","eDNA metabarcoding vs Morphological identification","eDNA metabarcoding","Morphological identification",0.1311560915,-0.106540277
"Panagrolaimidae","eDNA metabarcoding vs Morphological identification","eDNA metabarcoding","Morphological identification",0.008,-0.016
"Panagrolaimidae","eDNA metabarcoding vs Morphological identification","eDNA metabarcoding","Morphological identification",0.0135135135,-0.027027027
"Panagrolaimidae","eDNA metabarcoding vs Morphological identification","eDNA metabarcoding","Morphological identification",0.0339703165,0.040543373
"Panagrolaimidae","eDNA metabarcoding vs Morphological identification","eDNA metabarcoding","Morphological identification",0.014,-0.028
"Panagrolaimidae","eDNA metabarcoding vs Morphological identification","eDNA metabarcoding","Morphological identification",0.062781641,-0.114436718
"Panagrolaimidae","eDNA metabarcoding vs Morphological identification","eDNA metabarcoding","Morphological identification",0.030781641,-0.050436718
"Panagrolaimidae","eDNA metabarcoding vs Morphological identification","eDNA metabarcoding","Morphological identification",0.0303867405,-0.060773481
"Panagrolaimidae","eDNA metabarcoding vs Morphological identification","eDNA metabarcoding","Morphological identification",0.0732990265,-0.085401947
"Panagrolaimidae","eDNA metabarcoding vs Morphological identification","eDNA metabarcoding","Morphological identification",0.028086231,-0.047827538
"Panagrolaimidae","eDNA metabarcoding vs Morphological identification","eDNA metabarcoding","Morphological identification",0.028,-0.056
"Panagrolaimidae","eDNA metabarcoding vs Morphological identification","eDNA metabarcoding","Morphological identification",0.037478176,-0.052703222
"Panagrolaimidae","eDNA metabarcoding vs Morphological identification","eDNA metabarcoding","Morphological identification",0.020862309,0.041724618
"Panagrolaimidae","eDNA metabarcoding vs Morphological identification","eDNA metabarcoding","Morphological identification",0.0227078205,-0.031507435
"Rhabditidae","eDNA metabarcoding vs Morphological identification","eDNA metabarcoding","Morphological identification",0.031847134,-0.063694268
"Rhabditidae","eDNA metabarcoding vs Morphological identification","eDNA metabarcoding","Morphological identification",0.05458231,-0.103601338
"Rhabditidae","eDNA metabarcoding vs Morphological identification","eDNA metabarcoding","Morphological identification",0.020781641,-0.030436718
"Rhabditidae","eDNA metabarcoding vs Morphological identification","eDNA metabarcoding","Morphological identification",0.0895511755,-0.009422239
"Rhabditidae","eDNA metabarcoding vs Morphological identification","eDNA metabarcoding","Morphological identification",0.046,-0.092
"Rhabditidae","eDNA metabarcoding vs Morphological identification","eDNA metabarcoding","Morphological identification",0.0135135135,-0.027027027
"Rhabditidae","eDNA metabarcoding vs Morphological identification","eDNA metabarcoding","Morphological identification",0.058533542,-0.033617848
"Rhabditidae","eDNA metabarcoding vs Morphological identification","eDNA metabarcoding","Morphological identification",0.0186954105,-0.034609179
"Rhabditidae","eDNA metabarcoding vs Morphological identification","eDNA metabarcoding","Morphological identification",0.002,-0.004
"Rhabditidae","eDNA metabarcoding vs Morphological identification","eDNA metabarcoding","Morphological identification",0.0094770515,-0.005045897
"Rhabditidae","eDNA metabarcoding vs Morphological identification","eDNA metabarcoding","Morphological identification",0.008287293,-0.016574586
"Rhabditidae","eDNA metabarcoding vs Morphological identification","eDNA metabarcoding","Morphological identification",0.0824089015,0.132817803
"Rhabditidae","eDNA metabarcoding vs Morphological identification","eDNA metabarcoding","Morphological identification",0.0355632825,-0.048873435
"Rhabditidae","eDNA metabarcoding vs Morphological identification","eDNA metabarcoding","Morphological identification",0.027821975,-0.00835605
"Rhabditidae","eDNA metabarcoding vs Morphological identification","eDNA metabarcoding","Morphological identification",0.0458921475,-0.050059677
"Rhabditidae","eDNA metabarcoding vs Morphological identification","eDNA metabarcoding","Morphological identification",0.135519721,-0.087451124
"Rhabditidae","eDNA metabarcoding vs Morphological identification","eDNA metabarcoding","Morphological identification",0.065279412,0.027994722
"Tylenchidae","eDNA metabarcoding vs Morphological identification","eDNA metabarcoding","Morphological identification",0.027424129,0.003566206
"Tylenchidae","eDNA metabarcoding vs Morphological identification","eDNA metabarcoding","Morphological identification",0.1964467635,0.074422189
"Tylenchidae","eDNA metabarcoding vs Morphological identification","eDNA metabarcoding","Morphological identification",0.188165202,0.007536078
"Tylenchidae","eDNA metabarcoding vs Morphological identification","eDNA metabarcoding","Morphological identification",0.0186954105,-0.034609179
"Tylenchidae","eDNA metabarcoding vs Morphological identification","eDNA metabarcoding","Morphological identification",0.0143442625,-0.028688525
"Tylenchidae","eDNA metabarcoding vs Morphological identification","eDNA metabarcoding","Morphological identification",0.06364395,-0.0327121
"Tylenchidae","eDNA metabarcoding vs Morphological identification","eDNA metabarcoding","Morphological identification",0.1373153405,-0.157801751
"Tylenchidae","eDNA metabarcoding vs Morphological identification","eDNA metabarcoding","Morphological identification",0.042486711,-0.07941014
"Tylenchidae","eDNA metabarcoding vs Morphological identification","eDNA metabarcoding","Morphological identification",0.008,-0.016
"Tylenchidae","eDNA metabarcoding vs Morphological identification","eDNA metabarcoding","Morphological identification",0.0251265645,-0.005746871
"Tylenchidae","eDNA metabarcoding vs Morphological identification","eDNA metabarcoding","Morphological identification",0.014,-0.028
"Tylenchidae","eDNA metabarcoding vs Morphological identification","eDNA metabarcoding","Morphological identification",0.008,-0.016
"Tylenchidae","eDNA metabarcoding vs Morphological identification","eDNA metabarcoding","Morphological identification",0.004086231,0.000172462
"Tylenchidae","eDNA metabarcoding vs Morphological identification","eDNA metabarcoding","Morphological identification",0.0073908205,-0.009218359
"Tylenchidae","eDNA metabarcoding vs Morphological identification","eDNA metabarcoding","Morphological identification",0.0467947015,-0.090807761
"Tylenchidae","eDNA metabarcoding vs Morphological identification","eDNA metabarcoding","Morphological identification",0.095848532,0.00301781800000001
"Tylenchidae","eDNA metabarcoding vs Morphological identification","eDNA metabarcoding","Morphological identification",0.0800970005,-0.096216255
"Aphelenchidae","eDNA metabarcoding vs Mass proportion","eDNA metabarcoding","Mass proportion",0.0227037825,-0.006464589
"Aphelenchidae","eDNA metabarcoding vs Mass proportion","eDNA metabarcoding","Mass proportion",0.012277363,0.006043326
"Aphelenchidae","eDNA metabarcoding vs Mass proportion","eDNA metabarcoding","Mass proportion",0.00554241,-0.01108482
"Aphelenchidae","eDNA metabarcoding vs Mass proportion","eDNA metabarcoding","Mass proportion",0.077770703,0.11984107
"Aphelenchidae","eDNA metabarcoding vs Mass proportion","eDNA metabarcoding","Mass proportion",0.0111276465,-0.002783805
"Aphelenchidae","eDNA metabarcoding vs Mass proportion","eDNA metabarcoding","Mass proportion",0.0160330155,0.015221869
"Aphelenchidae","eDNA metabarcoding vs Mass proportion","eDNA metabarcoding","Mass proportion",0.009735744,0.019471488
"Aphelenchidae","eDNA metabarcoding vs Mass proportion","eDNA metabarcoding","Mass proportion",0.004867872,0.009735744
"Aphelenchidae","eDNA metabarcoding vs Mass proportion","eDNA metabarcoding","Mass proportion",0.0009533845,-0.001906769
"Aphelenchidae","eDNA metabarcoding vs Mass proportion","eDNA metabarcoding","Mass proportion",0.0291360265,0.005705693
"Aphelenchidae","eDNA metabarcoding vs Mass proportion","eDNA metabarcoding","Mass proportion",0.0060212215,-0.000915879
"Aphelenchidae","eDNA metabarcoding vs Mass proportion","eDNA metabarcoding","Mass proportion",0.0011883035,-0.002376607
"Aphelenchidae","eDNA metabarcoding vs Mass proportion","eDNA metabarcoding","Mass proportion",0.058783057,0.08271205
"Aphelenchidae","eDNA metabarcoding vs Mass proportion","eDNA metabarcoding","Mass proportion",0.006797753,0.005875982
"Aphelenchidae","eDNA metabarcoding vs Mass proportion","eDNA metabarcoding","Mass proportion",0.0239109205,0.032845753
"Aphelenchidae","eDNA metabarcoding vs Mass proportion","eDNA metabarcoding","Mass proportion",0.021549478,0.004188944
"Aphelenchidae","eDNA metabarcoding vs Mass proportion","eDNA metabarcoding","Mass proportion",0.0234175115,-0.046835023
"Aphelenchidae","eDNA metabarcoding vs Mass proportion","eDNA metabarcoding","Mass proportion",0.0043354825,0.005237241
"Aphelenchoididae","eDNA metabarcoding vs Mass proportion","eDNA metabarcoding","Mass proportion",0.0394956445,-0.034485031
"Aphelenchoididae","eDNA metabarcoding vs Mass proportion","eDNA metabarcoding","Mass proportion",0.030159599,-0.024157862
"Aphelenchoididae","eDNA metabarcoding vs Mass proportion","eDNA metabarcoding","Mass proportion",0.0351089245,0.018794669
"Aphelenchoididae","eDNA metabarcoding vs Mass proportion","eDNA metabarcoding","Mass proportion",0.0222747705,-0.016733129
"Aphelenchoididae","eDNA metabarcoding vs Mass proportion","eDNA metabarcoding","Mass proportion",0.024626984,-0.024219198
"Aphelenchoididae","eDNA metabarcoding vs Mass proportion","eDNA metabarcoding","Mass proportion",0.0150151485,-0.002213885
"Aphelenchoididae","eDNA metabarcoding vs Mass proportion","eDNA metabarcoding","Mass proportion",0.004232275,0.002662014
"Aphelenchoididae","eDNA metabarcoding vs Mass proportion","eDNA metabarcoding","Mass proportion",0.007643211,0.009748348
"Aphelenchoididae","eDNA metabarcoding vs Mass proportion","eDNA metabarcoding","Mass proportion",0.052037747,-0.09294893
"Aphelenchoididae","eDNA metabarcoding vs Mass proportion","eDNA metabarcoding","Mass proportion",0.036330567,-0.03928144
"Aphelenchoididae","eDNA metabarcoding vs Mass proportion","eDNA metabarcoding","Mass proportion",0.020446961,-0.007514228
"Aphelenchoididae","eDNA metabarcoding vs Mass proportion","eDNA metabarcoding","Mass proportion",0.0250034665,6.26090000000017e-05
"Aphelenchoididae","eDNA metabarcoding vs Mass proportion","eDNA metabarcoding","Mass proportion",0.0093911775,-0.018782355
"Aphelenchoididae","eDNA metabarcoding vs Mass proportion","eDNA metabarcoding","Mass proportion",0.021110592,-0.006059848
"Aphelenchoididae","eDNA metabarcoding vs Mass proportion","eDNA metabarcoding","Mass proportion",0.0196908155,-0.031036707
"Aphelenchoididae","eDNA metabarcoding vs Mass proportion","eDNA metabarcoding","Mass proportion",0.0196857045,-0.017118279
"Aphelenchoididae","eDNA metabarcoding vs Mass proportion","eDNA metabarcoding","Mass proportion",0.021601479,-0.02373147
"Aphelenchoididae","eDNA metabarcoding vs Mass proportion","eDNA metabarcoding","Mass proportion",0.002177205,-0.00435441
"Cephalobidae","eDNA metabarcoding vs Mass proportion","eDNA metabarcoding","Mass proportion",0.1909129835,-0.206582573
"Cephalobidae","eDNA metabarcoding vs Mass proportion","eDNA metabarcoding","Mass proportion",0.07860097,-0.045936294
"Cephalobidae","eDNA metabarcoding vs Mass proportion","eDNA metabarcoding","Mass proportion",0.104666001,-0.128664408
"Cephalobidae","eDNA metabarcoding vs Mass proportion","eDNA metabarcoding","Mass proportion",0.238359482,-0.215244694
"Cephalobidae","eDNA metabarcoding vs Mass proportion","eDNA metabarcoding","Mass proportion",0.202093335,-0.16774717
"Cephalobidae","eDNA metabarcoding vs Mass proportion","eDNA metabarcoding","Mass proportion",0.078121433,-0.031069014
"Cephalobidae","eDNA metabarcoding vs Mass proportion","eDNA metabarcoding","Mass proportion",0.028908632,0.036758536
"Cephalobidae","eDNA metabarcoding vs Mass proportion","eDNA metabarcoding","Mass proportion",0.100957731,-0.104558022
"Cephalobidae","eDNA metabarcoding vs Mass proportion","eDNA metabarcoding","Mass proportion",0.1206020595,-0.057615801
"Cephalobidae","eDNA metabarcoding vs Mass proportion","eDNA metabarcoding","Mass proportion",0.1092833475,-0.087829561
"Cephalobidae","eDNA metabarcoding vs Mass proportion","eDNA metabarcoding","Mass proportion",0.0998496565,0.000578851000000005
"Cephalobidae","eDNA metabarcoding vs Mass proportion","eDNA metabarcoding","Mass proportion",0.064584281,0.046074832
"Cephalobidae","eDNA metabarcoding vs Mass proportion","eDNA metabarcoding","Mass proportion",0.1600745855,-0.011387001
"Cephalobidae","eDNA metabarcoding vs Mass proportion","eDNA metabarcoding","Mass proportion",0.0889867315,-0.019419917
"Cephalobidae","eDNA metabarcoding vs Mass proportion","eDNA metabarcoding","Mass proportion",0.2233493535,-0.129591613
"Cephalobidae","eDNA metabarcoding vs Mass proportion","eDNA metabarcoding","Mass proportion",0.050202067,-0.025299822
"Cephalobidae","eDNA metabarcoding vs Mass proportion","eDNA metabarcoding","Mass proportion",0.1987870505,-0.205640861
"Cephalobidae","eDNA metabarcoding vs Mass proportion","eDNA metabarcoding","Mass proportion",0.064267383,0.018892216
"Monhysteridae","eDNA metabarcoding vs Mass proportion","eDNA metabarcoding","Mass proportion",0.0429941345,0.080910201
"Monhysteridae","eDNA metabarcoding vs Mass proportion","eDNA metabarcoding","Mass proportion",0.0417179405,0.072336025
"Monhysteridae","eDNA metabarcoding vs Mass proportion","eDNA metabarcoding","Mass proportion",0.1063185405,0.201827453
"Monhysteridae","eDNA metabarcoding vs Mass proportion","eDNA metabarcoding","Mass proportion",0.089418421,0.171649946
"Monhysteridae","eDNA metabarcoding vs Mass proportion","eDNA metabarcoding","Mass proportion",0.04274168,0.061943622
"Monhysteridae","eDNA metabarcoding vs Mass proportion","eDNA metabarcoding","Mass proportion",0.014603616,0.029207232
"Monhysteridae","eDNA metabarcoding vs Mass proportion","eDNA metabarcoding","Mass proportion",0.1232561025,0.223585153
"Monhysteridae","eDNA metabarcoding vs Mass proportion","eDNA metabarcoding","Mass proportion",0.2413303605,0.418591017
"Monhysteridae","eDNA metabarcoding vs Mass proportion","eDNA metabarcoding","Mass proportion",0.127299838,0.221060964
"Monhysteridae","eDNA metabarcoding vs Mass proportion","eDNA metabarcoding","Mass proportion",0.108963878,0.17706529
"Monhysteridae","eDNA metabarcoding vs Mass proportion","eDNA metabarcoding","Mass proportion",0.107690571,0.187956828
"Monhysteridae","eDNA metabarcoding vs Mass proportion","eDNA metabarcoding","Mass proportion",0.1497325845,0.279116195
"Monhysteridae","eDNA metabarcoding vs Mass proportion","eDNA metabarcoding","Mass proportion",0.084236516,0.165323908
"Monhysteridae","eDNA metabarcoding vs Mass proportion","eDNA metabarcoding","Mass proportion",0.0340751045,0.068150209
"Monhysteridae","eDNA metabarcoding vs Mass proportion","eDNA metabarcoding","Mass proportion",0.1172421765,0.224486439
"Monhysteridae","eDNA metabarcoding vs Mass proportion","eDNA metabarcoding","Mass proportion",0.1168920385,0.169553893
"Monhysteridae","eDNA metabarcoding vs Mass proportion","eDNA metabarcoding","Mass proportion",0.084945533,0.05820351
"Monhysteridae","eDNA metabarcoding vs Mass proportion","eDNA metabarcoding","Mass proportion",0.19654143,0.113175832
"Mononchidae","eDNA metabarcoding vs Mass proportion","eDNA metabarcoding","Mass proportion",0.0262263505,-0.052452701
"Mononchidae","eDNA metabarcoding vs Mass proportion","eDNA metabarcoding","Mass proportion",0.0328700515,-0.065740103
"Mononchidae","eDNA metabarcoding vs Mass proportion","eDNA metabarcoding","Mass proportion",0,0
"Mononchidae","eDNA metabarcoding vs Mass proportion","eDNA metabarcoding","Mass proportion",0.0062586925,0.012517385
"Mononchidae","eDNA metabarcoding vs Mass proportion","eDNA metabarcoding","Mass proportion",0.037638775,-0.07527755
"Mononchidae","eDNA metabarcoding vs Mass proportion","eDNA metabarcoding","Mass proportion",0.2173466235,-0.276139701
"Mononchidae","eDNA metabarcoding vs Mass proportion","eDNA metabarcoding","Mass proportion",0.0099084545,-0.019816909
"Mononchidae","eDNA metabarcoding vs Mass proportion","eDNA metabarcoding","Mass proportion",0.020567544,-0.041135088
"Mononchidae","eDNA metabarcoding vs Mass proportion","eDNA metabarcoding","Mass proportion",0,0
"Mononchidae","eDNA metabarcoding vs Mass proportion","eDNA metabarcoding","Mass proportion",0,0
"Mononchidae","eDNA metabarcoding vs Mass proportion","eDNA metabarcoding","Mass proportion",0,0
"Mononchidae","eDNA metabarcoding vs Mass proportion","eDNA metabarcoding","Mass proportion",0,0
"Mononchidae","eDNA metabarcoding vs Mass proportion","eDNA metabarcoding","Mass proportion",0.0135350895,-0.027070179
"Mononchidae","eDNA metabarcoding vs Mass proportion","eDNA metabarcoding","Mass proportion",0.0544728985,-0.108945797
"Mononchidae","eDNA metabarcoding vs Mass proportion","eDNA metabarcoding","Mass proportion",0.006954103,0.013908206
"Mononchidae","eDNA metabarcoding vs Mass proportion","eDNA metabarcoding","Mass proportion",0,0
"Mononchidae","eDNA metabarcoding vs Mass proportion","eDNA metabarcoding","Mass proportion",0,0
"Mononchidae","eDNA metabarcoding vs Mass proportion","eDNA metabarcoding","Mass proportion",0.0267801765,-0.053560353
"Panagrolaimidae","eDNA metabarcoding vs Mass proportion","eDNA metabarcoding","Mass proportion",0.0104311545,0.020862309
"Panagrolaimidae","eDNA metabarcoding vs Mass proportion","eDNA metabarcoding","Mass proportion",0.0030422635,-0.006084527
"Panagrolaimidae","eDNA metabarcoding vs Mass proportion","eDNA metabarcoding","Mass proportion",0,0
"Panagrolaimidae","eDNA metabarcoding vs Mass proportion","eDNA metabarcoding","Mass proportion",0.0077699,-0.0155398
"Panagrolaimidae","eDNA metabarcoding vs Mass proportion","eDNA metabarcoding","Mass proportion",0.136990389,-0.118208872
"Panagrolaimidae","eDNA metabarcoding vs Mass proportion","eDNA metabarcoding","Mass proportion",0.00418706,-0.00837412
"Panagrolaimidae","eDNA metabarcoding vs Mass proportion","eDNA metabarcoding","Mass proportion",0.00303368,-0.00606736
"Panagrolaimidae","eDNA metabarcoding vs Mass proportion","eDNA metabarcoding","Mass proportion",0.0303644405,0.047755125
"Panagrolaimidae","eDNA metabarcoding vs Mass proportion","eDNA metabarcoding","Mass proportion",0.0149420255,-0.029884051
"Panagrolaimidae","eDNA metabarcoding vs Mass proportion","eDNA metabarcoding","Mass proportion",0.0783723265,-0.145618089
"Panagrolaimidae","eDNA metabarcoding vs Mass proportion","eDNA metabarcoding","Mass proportion",0.0268804025,-0.042634241
"Panagrolaimidae","eDNA metabarcoding vs Mass proportion","eDNA metabarcoding","Mass proportion",0.0121259755,-0.024251951
"Panagrolaimidae","eDNA metabarcoding vs Mass proportion","eDNA metabarcoding","Mass proportion",0.0711109545,-0.081025803
"Panagrolaimidae","eDNA metabarcoding vs Mass proportion","eDNA metabarcoding","Mass proportion",0.0115383835,-0.014731843
"Panagrolaimidae","eDNA metabarcoding vs Mass proportion","eDNA metabarcoding","Mass proportion",0.011623245,-0.02324649
"Panagrolaimidae","eDNA metabarcoding vs Mass proportion","eDNA metabarcoding","Mass proportion",0.028213762,-0.034174394
"Panagrolaimidae","eDNA metabarcoding vs Mass proportion","eDNA metabarcoding","Mass proportion",0.020862309,0.041724618
"Panagrolaimidae","eDNA metabarcoding vs Mass proportion","eDNA metabarcoding","Mass proportion",0.00988376,-0.005859314
"Rhabditidae","eDNA metabarcoding vs Mass proportion","eDNA metabarcoding","Mass proportion",0.0438438595,-0.087687719
"Rhabditidae","eDNA metabarcoding vs Mass proportion","eDNA metabarcoding","Mass proportion",0.0685931245,-0.131622967
"Rhabditidae","eDNA metabarcoding vs Mass proportion","eDNA metabarcoding","Mass proportion",0.0297563725,-0.048386181
"Rhabditidae","eDNA metabarcoding vs Mass proportion","eDNA metabarcoding","Mass proportion",0.083136061,0.00340799
"Rhabditidae","eDNA metabarcoding vs Mass proportion","eDNA metabarcoding","Mass proportion",0.0350820945,-0.070164189
"Rhabditidae","eDNA metabarcoding vs Mass proportion","eDNA metabarcoding","Mass proportion",0.003040961,-0.006081922
"Rhabditidae","eDNA metabarcoding vs Mass proportion","eDNA metabarcoding","Mass proportion",0.0529903335,-0.022531431
"Rhabditidae","eDNA metabarcoding vs Mass proportion","eDNA metabarcoding","Mass proportion",0.0327813595,-0.062781077
"Rhabditidae","eDNA metabarcoding vs Mass proportion","eDNA metabarcoding","Mass proportion",0.0066788995,-0.013357799
"Rhabditidae","eDNA metabarcoding vs Mass proportion","eDNA metabarcoding","Mass proportion",0.005509986,0.002888234
"Rhabditidae","eDNA metabarcoding vs Mass proportion","eDNA metabarcoding","Mass proportion",0.005718048,-0.011436096
"Rhabditidae","eDNA metabarcoding vs Mass proportion","eDNA metabarcoding","Mass proportion",0.0873665855,0.122902435
"Rhabditidae","eDNA metabarcoding vs Mass proportion","eDNA metabarcoding","Mass proportion",0.074148976,-0.126044822
"Rhabditidae","eDNA metabarcoding vs Mass proportion","eDNA metabarcoding","Mass proportion",0.019653184,0.007981532
"Rhabditidae","eDNA metabarcoding vs Mass proportion","eDNA metabarcoding","Mass proportion",0.0474987585,-0.053272899
"Rhabditidae","eDNA metabarcoding vs Mass proportion","eDNA metabarcoding","Mass proportion",0.1438589905,-0.104129663
"Rhabditidae","eDNA metabarcoding vs Mass proportion","eDNA metabarcoding","Mass proportion",0.051088263,0.05637702
"Tylenchidae","eDNA metabarcoding vs Mass proportion","eDNA metabarcoding","Mass proportion",0.049703611,-0.040992758
"Tylenchidae","eDNA metabarcoding vs Mass proportion","eDNA metabarcoding","Mass proportion",0.25325491,-0.039194104
"Tylenchidae","eDNA metabarcoding vs Mass proportion","eDNA metabarcoding","Mass proportion",0.198424404,-0.012982326
"Tylenchidae","eDNA metabarcoding vs Mass proportion","eDNA metabarcoding","Mass proportion",0.004101496,-0.00542135
"Tylenchidae","eDNA metabarcoding vs Mass proportion","eDNA metabarcoding","Mass proportion",0.005365402,-0.010730804
"Tylenchidae","eDNA metabarcoding vs Mass proportion","eDNA metabarcoding","Mass proportion",0.035609283,0.023357234
"Tylenchidae","eDNA metabarcoding vs Mass proportion","eDNA metabarcoding","Mass proportion",0.094414892,-0.072000854
"Tylenchidae","eDNA metabarcoding vs Mass proportion","eDNA metabarcoding","Mass proportion",0.0214478155,-0.037332349
"Tylenchidae","eDNA metabarcoding vs Mass proportion","eDNA metabarcoding","Mass proportion",0.001475331,-0.002950662
"Tylenchidae","eDNA metabarcoding vs Mass proportion","eDNA metabarcoding","Mass proportion",0.01934582,0.005814618
"Tylenchidae","eDNA metabarcoding vs Mass proportion","eDNA metabarcoding","Mass proportion",0.013398106,-0.026796212
"Tylenchidae","eDNA metabarcoding vs Mass proportion","eDNA metabarcoding","Mass proportion",0.007099428,-0.014198856
"Tylenchidae","eDNA metabarcoding vs Mass proportion","eDNA metabarcoding","Mass proportion",0.0023123125,0.003720299
"Tylenchidae","eDNA metabarcoding vs Mass proportion","eDNA metabarcoding","Mass proportion",0.004295553,-0.003027824
"Tylenchidae","eDNA metabarcoding vs Mass proportion","eDNA metabarcoding","Mass proportion",0.0221947715,-0.041607901
"Tylenchidae","eDNA metabarcoding vs Mass proportion","eDNA metabarcoding","Mass proportion",0.075788101,0.04313868
"Tylenchidae","eDNA metabarcoding vs Mass proportion","eDNA metabarcoding","Mass proportion",0.044856402,-0.025735058
