Z1,Z2,Z3,Z4,Z5,Z6,Z7,Z8,Z9,Z10,Z11,Z12,Z13,Z14,Z15,Z16,Z17,Z18
fa7cd535486b4fe860ee620a0200ac0e,0,0,16,0,0,0,0,0,0,0,0,0,0,0,0,18,0,0
077b7aa6b8aab168390e4c5ff61efe40,0,0,0,0,0,0,6,0,0,0,0,0,0,0,0,0,0,0
40d7265f870c1821981c3c40f8a3b2dc,0,0,0,0,0,0,4,0,0,0,0,0,0,0,0,0,0,0
8025680fbb9aab9b575dcd8f888d42bb,0,0,0,0,0,0,0,0,0,0,0,0,0,0,0,0,1,0
fbd0ffedf43d7b16d526d420fea003bc,0,0,2,0,0,0,0,0,0,0,0,0,0,0,0,0,0,0
e87d1f32fa4e767050ac139931e56a70,0,0,0,0,0,0,0,0,0,0,0,0,0,0,0,0,0,2
25a30d09fa2f3148efec18638762e3cf,3,0,0,0,0,0,0,0,0,0,0,0,0,0,0,0,0,0
525f58afd6130bfb309cf5415fd0c005,0,0,0,0,0,0,0,0,1,0,0,0,0,0,0,0,0,0
72679fdbe50c28817b90ccd5d7ea5280,0,0,0,0,0,0,2,0,0,0,0,0,0,0,0,0,0,0
d8dccc8b382d0e0d97ec44b0105dce0f,0,0,0,0,0,0,0,0,0,0,0,0,0,0,0,0,1,0
c9da638a45fe55536183f5a8e9f72e59,0,0,0,1,0,0,0,0,0,0,0,0,0,0,0,0,0,0
a04b9170e8a4837503ab016636b0fcdf,0,0,0,0,0,0,0,1,0,0,0,0,0,0,0,0,0,0
0fd4f22462e2c34d938297365a7d5c51,0,0,0,0,0,0,0,0,0,0,0,0,0,0,0,0,0,2
c6a39d210eb9560536a7e3a500ee0cbb,0,0,0,0,0,0,0,0,0,0,0,0,0,0,0,0,0,0
45880d6a255e801d1a5b0710b62586c8,0,0,0,0,0,0,0,1,0,0,0,0,0,0,0,0,0,0
5c227d3920a3c8867ca29d139c5466a8,0,0,0,0,0,0,0,0,0,0,0,0,0,0,0,0,0,0
291afa25498d8c8126e80603862b4383,0,0,0,2,0,0,0,0,0,0,0,0,0,0,0,0,0,0
b2d3de091e5bab6ce2de0ea18ce3001e,0,0,0,0,0,0,0,0,0,0,0,0,0,0,0,2,0,0
a3bdfddd7c0bc424aceba6801167c269,0,0,0,0,0,0,0,0,0,0,0,0,0,0,0,0,0,0
814a189a2b4d0e869412900c6eaac9f5,0,0,0,0,0,0,0,0,0,0,0,0,0,0,0,0,0,0
1cf665a3218d15db49dd40895c867bff,0,0,0,0,0,0,0,0,0,0,0,0,0,0,0,0,1,0
e61962991f7d15cf676ffa73125ffe48,0,0,0,0,0,0,0,0,0,0,0,0,0,0,0,0,0,10
bd120e716bd8cd8b524e99c0b3bb8365,0,1,0,0,0,0,0,0,0,0,0,0,0,0,0,0,0,0
08e6839d5a335f528ba094e24e0e13da,0,0,0,0,0,0,0,0,0,0,0,0,0,0,0,0,0,0
c97a531ac65a53faa7a7ec4eed4b76bb,0,0,0,6,0,0,0,15,0,0,16,35,0,0,12,0,0,0
784d7ab679cb17ea47c2b19358618e5c,0,0,25,0,0,0,1,0,0,24,0,0,14,0,7,2,0,0
dac3fabe342627ff4f032e54dc4884b9,0,0,0,0,0,0,0,0,0,0,0,1,0,0,0,0,6,0
ba32a23e572669bda09cffb385e132a9,0,0,4,0,0,0,0,0,0,0,0,0,0,0,0,0,0,0
d9b0763fc58cb64bd1ea56dbac6178d7,0,0,0,0,0,0,0,0,0,0,0,0,0,0,0,0,0,0
c32e0f25f8685f478cfeb8af6589179e,0,0,0,0,0,0,0,0,0,0,0,2,0,0,0,0,0,0
fcd61bc47b5f85f80781ecdc4443f62d,0,0,0,0,0,0,0,0,0,0,0,0,0,0,0,0,0,0
bf37c167ff120ba1e334435ed7c5290c,0,0,0,0,0,0,0,0,0,0,0,0,0,0,0,0,0,2
12ddc2dbde441919e5777519c26b3412,0,0,0,0,0,0,0,0,0,0,0,0,0,0,0,1,0,0
31f5e6143596122b1174098ff8d5d6ed,0,0,0,0,0,0,0,0,0,0,0,0,0,4,0,11,0,0
58575cb7540e288d7abd4a820c2fd972,0,0,0,0,0,0,0,0,0,0,0,0,0,1,0,0,0,0
3a536fe1bdec69550fa3fb48144d3d39,0,0,0,0,0,0,0,0,0,0,0,0,0,0,0,1,0,0
c25627692519b7a0a7e93f893369e057,16,7,31,0,10,9,0,7,0,5,5,10,0,9,0,0,0,0
80962e633525a163a40d1177a21e13ad,0,0,7,0,0,0,0,0,4,1,3,0,0,4,0,0,0,0
c4193d450df79764e9bd4f347d38b45b,0,0,0,0,0,0,0,0,0,0,0,0,0,0,0,5,3,0
0a9d1746688b33d4d956f0bec9e4d4ad,0,0,0,8,0,0,0,0,0,0,0,0,0,0,0,0,0,0
c52b341af0012237ba1f1b0cec68fb37,0,0,0,0,0,0,0,0,0,0,0,0,0,0,3,0,0,0
6ee22b4e1e68ce9e8992372ee1b121d0,0,0,0,0,1,0,0,0,0,0,0,0,0,0,0,0,0,0
5bab48a1a6d6ab3ebce9364bd220abb1,0,0,0,0,0,0,0,0,0,0,0,0,0,0,0,0,0,0
2fd08004f0c560b9cbca2c8e343b5235,0,0,0,0,0,0,0,0,0,0,0,0,0,1,0,0,0,0
51088963700906379f21287193977a7d,0,0,0,0,0,2,0,0,0,0,0,0,0,0,0,0,0,0
1f863771d190c30fba3fd2b235bc2889,0,0,0,0,0,0,0,0,0,0,1,0,0,0,0,0,0,0
42dda9dd90f63f31c6f60d206e6cd2b9,0,0,0,0,0,0,0,0,0,0,0,0,0,0,0,0,0,0
62640a5cd32ce292e52dce151c64adb5,0,0,0,0,0,0,0,0,0,0,0,0,0,0,0,0,0,0
b6d82680cc974cb3ae6099060eb18372,0,0,0,1,0,0,0,0,0,0,0,0,0,0,0,0,0,0
c88f40c1e2261c3fbbf5963da5991626,0,0,0,0,0,0,0,0,0,0,0,0,1,0,0,0,0,0
b57cdb205a713b45af61f923a5cf6eaf,0,0,0,0,0,0,0,0,0,0,0,0,0,0,0,0,0,0
f7eebe9852e18cdf9eb04675e5be6ea6,0,0,35,0,0,0,0,0,0,0,0,0,0,0,0,0,0,0
6ccee5e8e235e3e8802b3a770706b8a3,117,0,0,0,0,0,0,0,3,0,0,0,0,11,0,0,0,0
36d17624c4956f7ec57e3ba3f81a5379,1,0,0,0,0,0,0,0,0,0,0,0,0,0,0,0,0,0
427501803e90dc3c8e33da5f9bdae647,0,0,0,0,5,0,0,0,0,0,0,0,0,0,0,0,0,0
e19197aa8ba0c21ecc4c0239fd69c06e,0,0,0,2,0,0,0,2,0,0,0,0,0,0,0,0,0,0
dc4153fc5a69e7e7fd9fd44c93cbe77f,0,0,0,0,4,0,0,0,0,0,0,0,0,0,0,0,0,0
70855fe05c5c799becb6eddf959e0d68,0,0,4,0,0,0,0,0,0,0,0,0,0,0,0,0,0,0
690c4c08c4eabc3c8429b255a45db69f,63,40,24,55,32,44,20,30,66,39,70,67,103,42,116,18,50,32
cf2b9941f0127864c81e2ee8faaed220,0,0,0,5,0,56,0,0,0,0,0,0,0,0,10,0,0,0
cfa199444cdeb21eb9f947f328576bff,0,0,0,0,0,0,0,0,0,0,0,0,0,0,2,0,0,0
1975272417734537efc38f36a5b48294,0,0,2,0,0,0,0,0,0,0,0,0,0,0,0,0,0,0
071ef2d066c3a582fa460e6cdfa2fdb8,0,0,0,0,0,0,0,0,0,0,0,0,0,0,3,0,0,0
7bab4c27050f02437fdae9021ab6ada8,0,0,0,0,0,0,0,0,0,0,0,0,0,0,0,0,0,0
f44d1aa1fe2e7190ff522e64ae213f0a,0,0,0,0,0,0,0,0,0,0,0,0,0,0,0,0,20,0
b2291525b75c0100f8ee1c1730f85a13,0,0,0,0,0,0,0,12,0,0,0,0,0,0,0,0,0,0
38f18fc5bae3522e60093b9e6b0f53d0,0,0,0,0,0,0,0,0,0,0,0,0,0,0,0,0,0,0
c97e8bfff610d65f354c8086e5cef28c,0,0,0,8,0,0,0,0,0,0,0,0,0,0,17,0,0,0
f6c8d39474448346bf955022769db60c,0,0,5,12,0,0,0,0,0,0,0,0,0,0,0,0,0,0
533ee33a47ec88114ce5b0cbbbc1eb98,0,0,0,0,8,0,0,0,0,0,0,0,0,0,0,0,0,0
032cbe763a0f3068c656a68467cd75d5,0,0,0,0,0,0,5,0,0,0,0,0,0,0,0,0,0,0
b69786a48d42ac55f2e54fe167a3c28e,0,0,0,23,25,0,11,0,1,3,0,0,4,8,14,0,23,0
520485113606a9c38b2a0f971e0b6029,0,0,0,0,0,0,0,0,3,0,0,0,0,0,0,0,0,0
baf40b077c0fc6881738ab28dd0d3d2b,0,0,0,0,0,0,0,0,0,0,0,0,4,0,0,0,0,0
52539efa9e4a4e03cf555395e5320f53,0,0,0,0,0,0,0,0,0,0,0,0,0,0,0,3,0,0
161896a7fd611f18058e3a52f64095da,0,0,0,0,0,0,0,0,4,0,0,0,0,0,0,0,0,0
f23e546429249019fa3acb16e19c3183,0,0,0,0,0,0,0,0,0,0,0,0,0,0,0,0,0,0
4012e54fe71e3eea88c95c9092221137,0,0,0,0,0,0,0,0,0,0,0,0,0,0,0,0,0,0
0341c261257aebeda508f20265c6ae87,0,0,0,0,0,0,0,0,0,0,0,0,0,0,0,0,0,2
8142e001b4dc22645751d6eb240def89,0,0,0,0,0,0,0,0,0,0,2,0,0,0,0,0,0,0
29ef7f6ca212ab0b39780a60de94b34b,0,0,0,0,0,0,0,0,0,0,0,0,0,0,0,0,0,0
2ae9517f984264d1b51e4652fba583ca,0,0,0,0,0,0,0,1,0,0,0,0,0,0,0,0,0,0
8f79b747e5d6690e8efe841ae762a159,0,0,0,0,0,0,0,0,0,0,0,0,0,0,0,0,0,0
6d3c423718c3b2e8a4df8c1eeb7818c8,0,2,1,0,2,0,10,4,0,2,0,7,0,0,0,5,0,11
2f690f72fa637ba835673b67b0a0b1ae,0,0,0,0,0,0,0,0,0,0,0,0,0,0,0,0,5,0
1e90f195de6de87b7e5edfa3e775f2aa,0,0,0,0,0,0,0,0,4,0,0,0,0,0,0,0,0,0
c07e51314ab0111eae55aa8679a8523e,0,0,0,0,0,0,0,0,0,0,0,0,0,0,0,0,0,0
336e4211ace546620037e6816e514e79,0,0,0,0,0,0,1,0,0,0,0,0,0,0,0,0,0,0
684ab374e87a21d0a1d219494d92acf1,0,0,0,0,0,0,0,0,0,0,0,0,0,0,0,0,0,10
cf978c4a928499b06df20cc503784f7a,0,0,0,0,0,11,0,0,0,0,0,0,0,0,0,0,0,0
3712a87e8fe8c07b431ccc35d38204de,0,0,0,0,0,0,0,0,0,0,0,0,0,0,0,0,0,0
a329dbdc3a8ddca1d8ae0bfbeb2c6cc5,0,0,0,0,0,0,0,0,0,0,0,0,0,0,0,0,0,1
44636dbf518ebecd03f67281ba2f8a4b,0,0,0,0,0,0,0,7,0,13,0,0,0,0,10,0,0,0
9b736bab2b58aaee42bb4ba0f11af787,0,0,0,0,0,0,0,0,0,5,0,0,0,0,0,0,7,0
2f85e9fb39a084d1273813f58d3e74e9,20,0,0,0,0,0,0,0,0,0,0,0,0,0,0,0,0,0
9445c38c7fcbbafef5bc768d93652a6a,0,0,0,0,12,0,0,0,0,0,0,0,0,0,0,0,0,0
d0e7d5958f26023c8b5b24956cc5be11,0,0,0,0,0,0,0,0,0,0,0,7,0,0,0,0,0,0
d389f2171825bb99a2a098e587ba3fe6,4,0,0,0,0,0,0,0,0,0,0,0,0,0,0,0,0,0
006046946e2556ca83e894a03bd61fd0,0,0,0,0,0,0,0,0,0,0,0,0,0,0,0,0,1,0
b89c18a00565e4ec84caa9df7cb24470,0,0,0,0,1,0,0,0,0,0,0,0,0,0,0,0,0,0
b91dda39142e79621f5d86d516983c39,0,0,0,0,1,0,0,0,0,0,0,0,0,0,0,0,0,0
85be1148e6c43591b350021dd46f84f7,0,0,0,0,0,0,0,0,0,0,0,0,0,0,0,0,0,0
fbc1a1a8d99e66634cac1b615ee5eaf9,0,0,0,0,0,0,0,0,0,0,0,0,0,0,0,0,0,0
57e18f965be0818daed8b35a3bf2aa52,0,0,0,0,0,0,0,0,0,0,0,0,0,0,0,0,0,0
47087b9d688281e026adcb97b9fc1e07,0,0,0,0,0,0,0,0,0,0,0,0,0,0,0,0,0,0
d9a1f02e32ba1bcd6d8310410446daae,0,0,0,0,0,0,0,0,0,0,0,0,0,0,0,12,0,0
e52e158d190fc2966cc3373d0152a3da,0,0,0,0,0,0,0,0,0,0,0,0,0,0,0,10,0,0
61417851068ef1da7148453770402ee8,0,0,0,0,0,0,0,0,0,0,0,0,0,0,0,4,0,0
728547a53aab2bb3e7dca34d9a9281bc,0,84,19,149,100,39,22,15,0,0,0,23,0,0,0,9,44,14
6dcfe827a580b8cc28b58d3b54d7bf2a,0,0,0,0,0,0,0,0,0,0,0,0,0,0,0,0,0,0
19001a970fcda7e7388eac74caddd5d4,0,4,0,0,0,0,0,0,0,0,0,0,0,0,0,0,0,0
9a7e2e798f8965e713873c19cc17a42a,0,0,0,0,0,3,0,0,0,0,0,0,0,0,0,0,0,0
906f366c0268d0b9d57e291d69d45614,0,0,0,0,0,0,0,0,0,0,0,0,0,0,0,0,0,0
3930081cda63562c08ad80d2416325f0,0,0,0,0,0,0,0,0,0,0,0,0,0,0,0,0,14,0
46877a34b28f78cdd48473f7c748f039,0,0,0,6,0,0,0,0,0,0,0,0,0,0,0,0,0,0
6955ec4b1b1288ebbcf8ea10042fe4a2,0,0,0,0,0,0,0,0,0,0,0,0,0,0,0,0,1,0
7e35857eca0308df7b262d619b51f79f,0,0,0,0,0,0,0,0,0,0,0,0,0,0,0,0,1,0
965397f2480543197df8f2d3fa4e7db8,0,0,0,0,0,0,0,0,0,0,0,0,0,0,0,0,2,0
ee89af0f2ee26f494be82d9e876053b9,0,0,0,0,1,0,0,0,0,0,0,0,0,0,0,0,0,0
a720ba2841a4e8e116e51bbb230ac3ef,0,1,0,0,0,0,0,0,0,0,0,0,0,0,0,0,0,0
10c649089622b7faaf6a63414b3ffa86,0,0,0,0,0,0,0,2,0,0,0,0,0,0,0,0,0,0
f11324006780f81118e5e4416641e556,0,0,0,0,0,2,0,0,0,0,0,0,0,0,0,0,0,0
939a37f0596544f74cc964cf396fb07b,0,0,0,0,0,0,0,0,0,0,0,0,0,0,0,0,0,0
7f99f9d33157d0addccd453709682caa,0,0,0,0,0,0,0,0,0,0,0,0,0,0,0,1,0,0
1543fa5bd322b0ebcd446bc46b5bf99f,0,0,0,0,0,0,0,0,0,0,0,0,0,0,0,0,0,0
2c7a59c8ba0d47bd4c9910e63a2d3014,0,0,0,0,0,0,0,0,0,0,0,0,0,0,0,0,0,0
31c45e18c20cd72651bf1588d9bfa1d5,0,0,0,0,0,0,0,0,0,0,0,0,0,0,0,0,1,0
cae511f82edc2c4410d9645c7b2e535d,0,0,0,0,0,0,0,0,0,6,0,0,0,0,0,0,0,0
656e1a18dda19dc9e8bf1d8aa8eb3929,0,0,0,0,0,0,0,0,0,0,0,0,0,0,3,2,0,0
f53b3bf5fc673dca96c4534260fa42df,0,6,0,0,0,0,0,0,0,0,0,0,0,0,0,0,0,0
57bd8031b5647fbf520fdc4b201dee7a,0,0,3,0,0,0,0,0,0,0,0,0,0,0,0,0,0,0
c04e8ce2c8cc7c00d2e206b608d3baf3,0,0,1,3,0,0,0,0,0,0,0,0,0,0,0,0,0,0
caa12a58fa641ba97e7709b936908e03,0,0,0,0,0,0,0,0,0,0,0,0,0,0,0,0,0,2
51515c8331afc99f1383590efff00f86,0,0,0,0,0,0,0,0,0,0,0,0,0,0,0,0,0,0
c9f25a67a9bbd3e7aa9d6812aec596d2,0,0,0,0,0,0,0,0,0,0,0,0,0,0,0,27,12,23
33d63920da5a83a3a81c27b8f0b9c029,0,0,0,7,61,0,0,2,0,0,0,0,110,0,19,15,60,69
08954643115b461ce5096d336da29b1a,0,0,0,0,0,0,0,11,0,0,1,0,0,0,0,0,0,0
d316baa75697d140624b89b98286fc89,0,0,0,0,3,0,0,0,0,0,0,0,0,0,0,0,0,0
7e69d09142168afba9ffc69eecc3b2ef,0,0,0,0,0,0,0,0,0,0,0,0,2,0,0,0,0,0
667c6b39aa312cd38e86d26f91ec69b8,0,0,0,0,0,0,0,0,0,0,2,0,0,0,0,0,0,0
49a15bf07725cf124fbe7ac83ef6aaaa,0,0,0,0,0,0,0,0,0,0,0,0,0,0,0,0,0,0
4775879c9707211964afad82f47284d3,0,0,0,0,0,0,0,0,0,0,0,0,0,0,0,0,0,0
1ef19ace2f03b18aa206344eda7d6b58,0,0,0,0,0,0,20,0,0,0,0,0,0,0,0,0,1,0
93208c1cad6ed586035e966e5f1f3f36,0,0,0,0,0,0,0,0,0,0,0,0,0,0,0,26,44,15
3f8e47218db898fe636b49ffc8bba409,0,0,0,0,0,0,0,0,0,0,0,0,0,0,0,0,11,37
8eebd1ab10351554520597d23643c180,0,0,0,0,0,0,0,24,18,0,0,0,0,0,0,0,0,0
22eadd67e341873ca1801122ace4fa4b,0,0,0,0,0,0,0,0,0,0,0,0,0,0,0,44,0,0
dd8fb8ee24263e6369087616d8609453,0,0,0,0,0,0,0,0,0,0,0,0,0,0,0,0,0,45
cdc19a7551bce8a8ba57eac9f793f5fb,0,0,0,0,0,0,0,9,0,0,0,0,0,0,0,2,11,9
153e451e63991eb25c17b29948b89654,0,0,16,5,0,0,0,0,0,0,0,0,0,0,0,0,0,0
75bef87c98266d5fb408f1b1bd5a8b11,0,0,0,0,0,8,0,0,0,0,0,0,0,0,0,0,0,7
e68067f4025239641f5f5794e69f6091,0,0,0,0,0,0,0,0,0,0,0,0,0,0,0,10,0,0
ca57829c9b04c314b793e8c4f9f626f4,0,0,0,0,0,0,0,0,0,0,0,0,0,0,0,0,0,10
ce4e751e34b870ffca2d9e8e0ce150cf,0,0,4,0,0,0,0,0,0,0,0,0,0,0,0,0,0,3
c340a5837c3ec0c8ce2e7b08b8847f8b,0,0,0,0,0,0,0,0,0,0,0,0,0,0,0,0,3,0
8a9af6cece645ccb7b1052de5f3c9e62,11,0,0,0,22,0,0,6,0,9,2,0,21,3,2,0,0,0
ba624544d15dfcbe1fe2fb8d703923f6,0,0,0,0,24,0,0,31,0,0,0,0,0,0,0,0,0,0
05194625789869c358b05df5f46948fc,0,0,0,0,0,0,0,0,0,0,0,0,0,0,0,0,10,0
0258c0afa47c13e2493b4564aa40ea39,0,0,0,0,0,0,0,0,0,0,0,0,0,0,0,7,4,0
7d8b799cab228778f211f66971d23d33,0,0,0,0,0,0,0,0,0,0,0,0,0,0,0,0,9,0
2b2cf5aad3c46f65331485cd296a0baf,0,0,0,0,0,0,0,0,0,5,0,0,0,0,0,0,0,0
9cc30b1e4c2689949a0ee816c2eae263,0,0,0,0,0,0,0,0,0,0,0,0,0,0,0,0,4,0
ca59f229982911d359b9a80f25bfc4f2,0,0,0,0,0,0,0,0,0,0,0,0,0,0,0,0,0,8
6ca106aa89990c74cc5d13b93dc157b5,4,0,0,0,0,0,0,0,0,0,0,0,0,0,0,0,0,0
2f7ed0262a4f052e1ac176c91646e9d4,0,0,0,0,0,0,0,0,0,0,0,0,0,0,0,0,1,0
b1da7af026b3841b95f334cf4e8f7c4e,0,0,0,0,1,0,0,0,0,0,0,0,0,0,0,0,0,0
b6f4fd8b816bb82f23b2fda54eb170ea,0,0,0,0,0,0,0,0,0,0,0,0,0,0,0,0,0,0
7edf2ff0d890324bc3ed2ac9be3843aa,0,0,0,0,0,0,0,0,0,0,0,0,0,0,0,0,0,0
f2974d1e8769eb7c845a1ba829781585,0,0,0,0,0,0,0,0,0,0,0,0,0,0,0,0,2,0
eae76b27617f1cee22da2bbe7943d0bd,0,0,0,0,0,0,0,0,0,0,0,0,0,0,0,0,0,0
b5e221c1a60b545ce28659afdcacb4fb,0,0,0,0,0,0,0,0,0,0,0,0,0,0,0,0,1,0
917e8d273fdb0fca5393baeee3582d51,0,0,0,36,0,0,6,0,0,19,3,0,48,0,26,11,0,0
1dadd479eb26fd2fd4a966fb447ba13f,0,0,0,56,0,0,2,0,0,0,0,0,14,0,0,7,0,0
4f8f4503e8896f461aaee4bcdea91b3f,14,13,0,0,9,15,0,0,0,0,0,0,4,10,0,0,0,0
9a9697c0cbae03e07538b364397fe1a7,0,0,0,0,0,0,0,8,0,0,0,0,0,0,0,0,0,0
4b4a1418ae901d088fcf5bf3a10f02b9,0,0,0,0,0,0,0,0,0,0,0,0,0,0,0,0,0,3
52db72ea315ea00c5c701d35ddb37139,0,0,0,0,0,0,0,0,0,0,0,0,0,0,0,2,0,0
cb89aa29c10f8a7a58b9a4d46af091c9,0,0,0,0,0,0,0,0,0,0,0,0,0,0,0,0,0,0
637fbadc12efb10b933862902961bf30,0,0,0,0,0,0,0,1,0,0,0,0,0,0,0,0,0,0
5cf97f022126f97c719a0f34d773bc4f,0,0,0,0,0,0,0,0,0,0,0,0,16,0,0,0,0,0
f1146cbcf8d725905768d17558fbae13,8,43,77,119,15,0,70,245,68,27,86,90,3,26,8,66,25,55
42755c111826fa736d3a2a27755e89ba,0,0,26,7,0,0,4,8,11,21,34,58,27,0,85,0,0,13
ad08a1405516fe114e1ed5481e5ff486,13,0,11,0,4,0,19,11,9,41,11,52,59,0,38,11,0,0
6b4d5fa55e87783a74695016e38c8d10,15,4,9,0,0,0,17,0,62,0,0,0,0,0,0,24,14,50
2263262ba2ba7b67d4e486eab10b0a9e,0,0,0,17,22,0,7,18,0,22,0,0,14,0,3,0,7,7
5372e9a27746289bd2521fd9ea3d9043,0,0,0,0,0,0,37,0,12,6,0,0,0,0,0,9,12,38
0079627e9086b3fb766bc2a45e9b52aa,0,0,22,0,0,24,0,6,0,0,0,0,0,4,0,0,0,0
bdb1cfdd2f4e9622715cbf81fdbd35ef,0,0,0,0,0,0,15,0,0,0,0,0,0,0,0,0,0,0
67a42783f5395d9158c0ccd8f930ec47,0,0,0,0,0,0,0,0,0,0,0,0,0,0,0,7,4,0
60028df63bdbd942dc1cc2d997a181fd,0,0,0,0,0,0,6,0,0,0,0,0,0,0,0,0,0,0
e6415b2f20a55d219533192d3f64ac6e,0,0,0,0,0,0,0,0,0,0,10,0,0,0,0,0,0,0
08e3c5dd12bae5fcf0c896c833d0b916,0,0,5,0,0,0,0,0,0,0,0,0,0,0,0,0,0,0
b9b44ea0292f21494bb61b6b8db92d61,0,0,0,0,0,0,0,0,0,0,0,0,0,0,0,7,0,0
7001e155a389b1dfbf944ef8487dd99b,0,0,0,0,0,0,0,0,0,0,0,0,0,0,0,0,0,4
a72919028f75b53ba8c608c47be4827e,0,0,0,0,0,0,0,0,0,0,0,0,0,0,0,0,3,0
33cd81f022d0f33ff7793dcae06d8847,0,0,0,0,0,0,0,0,0,0,0,0,0,0,0,0,0,6
75ba564aabcf9249a866cebe129cc284,0,0,0,0,0,0,0,3,0,0,0,0,0,0,0,0,0,0
6d304d7a8d842fe99ee8a64fe5a1f064,0,0,0,0,0,0,0,0,0,0,3,0,0,0,0,0,0,0
c342e5d7ac1e56f51616670eb6724dea,0,0,0,0,0,0,0,0,0,0,0,0,0,0,0,0,0,0
20fb25422e18015e8f63ed86e2234144,0,0,0,0,0,0,0,0,0,0,0,0,0,0,0,1,0,0
c5ade61dea036f4c20d2b4257f9598f4,0,0,0,0,0,0,0,0,0,2,0,0,0,0,0,0,0,0
5bd26f2ef24d7176b74ef49561b44891,0,0,0,0,0,0,0,0,0,0,0,0,0,0,0,0,0,0
96ad8de951196cae8fda94372984513b,0,0,0,0,0,0,0,0,0,0,0,0,2,0,0,0,0,0
a42b08c0ccbf84e2781b649628f38c64,0,0,0,0,0,0,0,0,0,0,0,0,0,0,0,0,2,0
91a6eb3533da54b10eb0595d38b49ab4,0,2,0,0,0,0,0,0,0,0,0,0,0,0,0,0,0,0
7475dfc66ee3039b81de307d8c6b6e53,0,1,0,0,0,0,0,0,0,0,0,0,0,0,0,0,0,0
31dfd969526ff0ceb9b1461c311a8f0e,0,0,0,0,0,0,0,0,0,0,0,0,0,0,0,0,2,0
03612ade6d0fad70a3fa4f054ab0ca4c,0,0,1,0,0,0,0,0,0,0,0,0,0,0,0,0,0,0
c2047d12a71f94280ee7f51cfb989851,0,0,0,0,1,0,0,0,0,0,0,0,0,0,0,0,0,0
e021663ba652749291f77ab656e02590,0,0,0,0,0,0,0,0,0,0,0,0,0,1,0,0,0,0
aea8d1e5b0ad4acad424958d22f0d24a,0,0,0,0,0,0,0,0,0,0,0,0,0,0,0,1,0,0
154922357de5241cccaaf07059991f62,0,0,0,0,0,0,0,2,0,0,0,0,0,0,0,0,0,0
da02b6a1f40fe21a38ccc7e711c1d1c7,0,0,0,0,0,0,0,1,0,0,0,0,0,0,0,0,0,0
4e3a3788aceda3158b2b26b896d185e8,0,0,0,0,1,0,0,0,0,0,0,0,0,0,0,0,0,0
7438d64aee2df3f7a528f53aee3ea846,0,0,0,0,0,0,0,0,0,0,0,0,0,0,0,0,0,1
9a55668506acf9be0b76cdb314def848,0,0,0,0,0,0,0,0,0,0,0,0,0,0,0,0,0,0
18102c063070de59efbcd671a3e209fe,0,0,0,0,0,0,0,0,0,0,0,0,0,0,0,2,0,0
d847bfa6794cdc9d62ab06af178da922,0,0,2,0,0,0,0,0,0,0,0,0,0,0,0,0,0,0
1c60513610ce8aa3b19ceabebc1ca41c,0,0,0,0,0,0,0,0,0,1,0,0,0,0,0,0,0,0
a92346d2abff916cf70fdc547e89a529,0,0,0,0,0,0,0,0,1,0,0,0,0,0,0,0,0,0
bc1d220a0ae2b76550d7e4e352d0d4a8,0,0,0,0,0,0,0,0,0,0,0,0,0,0,0,2,0,0
74027ec17feeafe5f4a6b0249080b348,0,0,0,0,0,0,0,0,0,0,0,0,0,0,0,0,0,0
c3797032a84b42af81e9496b9855f269,0,0,0,0,0,0,1,0,0,0,0,0,0,0,0,0,0,0
87a3e4ab005ae7548545aa1dd71a9749,0,0,1,0,0,0,0,0,0,0,0,0,0,0,0,0,0,0
671cc7c9004e974ef5ced3a7d91e29d9,0,0,0,0,0,0,1,0,0,0,0,0,0,0,0,0,0,0
7c2aaa945f047cbe0639dd40dbc924a3,0,0,0,0,0,0,0,0,0,0,0,0,0,0,0,0,1,0
a344c5ed6f46f1fe3263a86eb2f39b06,0,0,0,0,0,0,0,0,0,0,0,0,0,0,0,0,0,0
2431ce0502e2f82252c2540a9c0d959b,0,0,0,0,0,0,0,0,0,0,1,0,0,0,0,0,0,0
a9bc18c52e6a7158acec96fa9daf137e,0,0,0,0,0,0,0,0,0,0,0,0,0,0,0,1,0,0
e084dff54227344510a3ed7ba118402c,0,0,0,0,0,0,0,0,0,0,0,0,0,0,0,0,0,0
d517f34ec9fa33253e2dec924e339519,0,0,0,0,0,0,0,0,0,0,0,0,0,0,0,0,0,0
ff751995a38f15064ab0f82eda0a6e06,0,0,0,0,0,0,0,0,0,1,0,0,0,0,0,0,0,0
05b83d77897e089932115a20196f49f0,0,0,0,0,0,0,0,0,1,0,0,0,0,0,0,0,0,0
47a44351b13e634a713d4126f40f130e,0,0,0,0,0,0,0,0,0,0,0,0,0,0,0,0,0,0
d7cca25166736cae0866026768f87b87,0,0,0,0,0,0,0,0,1,0,0,0,0,0,0,0,0,0
3c23ec8db68fdc92cd999c02dce74c87,0,0,0,0,0,0,0,0,0,0,0,0,0,0,0,1,0,0
b6729ec159850794e27ce8f0b69fdc62,0,0,0,0,0,0,0,0,0,0,0,0,0,0,0,0,0,0
a2c46ef4a2bf5874f0a8ad60d3ebd170,0,0,0,0,0,0,0,0,0,0,0,0,0,0,0,0,0,0
abbed602bac15d115cc3b9224a6ee703,0,0,0,0,0,0,0,0,0,0,0,0,0,0,0,1,0,0
ff417101b869bf9f84141b18b9c47b87,0,0,0,0,0,0,0,0,0,0,0,0,0,0,0,0,0,0
62d96e1e76d98be7a34e6b34ccf09e6b,0,0,0,0,0,6,0,0,0,0,63,0,0,0,0,0,0,0
357e319ff149080cbb0f7737e8b58da2,0,0,0,0,0,0,0,0,0,0,2,0,0,0,0,0,0,0
a766b56af248e1843c43c4bb9dd98be7,0,0,0,0,0,0,0,0,0,0,2,0,0,0,0,0,0,0
9e50118d35e60f39e6e2b32e02de7cf5,0,0,0,0,0,0,0,0,0,0,1,0,0,0,0,0,0,0
26f0f22b64a7ce964cdc31e0c8773ff4,0,0,0,0,0,0,0,0,0,0,0,0,0,0,0,0,0,0
966f1c5adacdd170176fc6efcbbe92fa,0,0,0,0,0,0,0,0,0,0,0,0,0,0,0,11,0,0
aac67f8e6d888f65bb81a851e9c3329e,0,6,4,12,11,0,0,0,0,5,0,14,0,0,17,0,0,0
a3c79ea72b26da6e80a2cd33a64237b6,0,4,0,4,0,0,0,0,0,0,0,0,0,0,9,3,0,0
66a57111ab3350e535b85166e83d13bf,0,0,0,0,0,0,0,30,14,8,22,0,0,0,5,0,0,0
791d743aa40d70b16253da4549cb7436,0,0,0,0,0,0,0,9,0,3,12,0,4,0,0,0,0,0
b88f6308abd4187b84821f80125bf96c,0,0,0,0,0,0,0,0,0,0,23,0,16,1,0,0,0,0
666e77fe5550e1764e0c94b401959c88,0,0,0,0,0,0,0,0,7,0,0,0,0,0,0,0,0,0
23cd783b1e3c08146bfc51c81a7bf2c4,0,0,0,0,0,0,0,0,0,0,0,0,0,3,0,0,0,0
a5aac626f4e7a26145551839b38157d1,0,0,0,0,0,0,0,0,0,0,0,0,0,0,3,0,0,0
05391bd071e9ee93fc03200c72ad74a6,0,0,0,0,0,0,0,0,0,3,0,0,0,0,0,0,0,0
b427950d1613be89c752a00ce793a1a6,0,0,0,0,0,0,1,1,0,0,0,3,0,0,0,0,0,0
95a7a0aeeeb9d7aefbf4161625f4ceb2,0,0,0,0,0,0,0,0,0,0,0,2,0,0,0,0,0,0
52efbe26a868af9d36964a79aa21be12,0,0,0,0,0,0,0,0,0,0,0,0,0,0,0,0,3,0
9506b2ad00d12e55dfca850254c1d1a2,0,0,0,0,0,0,0,0,0,0,0,0,0,0,0,0,2,0
3a49acdece17deb906f087cc820552f6,0,0,0,2,0,0,0,0,0,0,0,0,0,0,0,0,0,0
06ad3650b45fa7adbb08b92298ef0a04,0,0,0,0,0,0,0,2,0,0,0,0,0,0,0,0,0,0
ae571d12d44941bc9ca2783474d5e0e6,0,0,0,0,0,0,0,0,0,0,0,0,0,0,0,5,0,0
5f6904a2a851efad9335473dc9c6bdf1,21,130,74,0,0,20,13,0,0,6,0,72,0,1,0,0,76,12
80ae9b685c7692d607ae0acd6fc00f16,0,22,9,0,0,0,7,1,0,1,0,10,0,0,0,0,4,0
ba4e9da18db45cf9a112345457241d5c,0,0,0,0,0,0,0,0,0,0,0,0,0,0,0,0,0,2
4c6c5fe66e6e2383e17e2c994deceb8e,309,273,66,126,311,424,21,60,377,240,298,185,170,508,239,53,8,59
ff7e6f36a16b8c78610a48a951447f1a,0,0,2,0,0,0,275,0,0,160,0,2,1,0,0,0,0,0
afb279b2e9c26787bf634785049eb1d4,0,19,0,37,1,0,22,20,18,0,18,20,15,0,11,85,41,26
296099c9c1b80a5e1ea9a68a5b36ef8a,74,0,7,0,0,0,8,17,0,0,0,14,19,65,0,0,0,42
21c8dc5f843c8f2f4a9e2d6f37ac99ef,0,36,160,0,0,0,0,0,0,0,0,0,0,0,0,0,0,0
fe2c24e6c44bc76ced7e387afaa221ce,0,3,0,2,0,0,28,0,10,8,1,8,0,0,0,0,22,11
b6cada341d91b5100befd850ce86f4d7,0,0,0,0,0,0,0,0,0,0,0,0,0,0,0,65,25,3
e983937a70ae86d32f44406852be357a,0,0,4,0,0,0,19,25,5,1,0,11,0,0,14,0,0,0
394c262685f9f8ad98a4570bd790c433,8,0,0,0,0,0,0,12,0,0,0,0,5,0,0,0,14,0
da44641ca861726069a3c0fcf1347db8,0,0,0,0,0,0,0,0,0,0,0,0,0,0,21,0,17,0
3c4e9d8ca9934fe468efb0c6e7b47663,0,0,0,0,0,0,0,0,2,5,16,0,0,3,0,0,0,0
fc95c5fee5dbcdd3fa4fdae026397e39,0,0,0,0,0,0,0,0,0,0,0,0,0,0,0,35,0,0
bf043c25bf62c76d3fabd7187f0ef2c4,0,0,0,0,0,0,0,0,0,0,0,0,0,8,0,0,0,0
f2c49658e1779e2fed2feb4b2e866cf0,0,0,0,0,0,0,0,0,0,0,0,0,0,0,0,3,3,15
34ca472ac51d8f8cb31ee37ed1ba312a,0,0,2,0,0,0,0,4,0,4,0,10,0,0,0,0,0,0
e2dca6790b89d98399551d39a52dada1,0,10,5,0,0,0,0,0,0,0,0,0,0,0,0,0,0,0
75e790066bcad436f2a49b33602851e8,0,0,0,0,0,0,0,0,0,0,0,0,0,0,0,0,16,0
e11571127856600028f21fdc1d54c310,0,0,0,0,0,0,0,0,0,0,0,0,0,0,0,21,0,0
81e7c5b66bc4ac9687411b5a8384e30d,0,0,0,0,0,0,7,0,0,5,0,0,0,0,0,0,0,0
308f221e68e41a5022a4cd0ed14acd74,0,0,0,0,0,0,0,0,0,0,0,0,13,0,0,0,0,0
5f19133db67bb40696796075186b5f63,0,0,0,0,0,0,7,0,0,2,0,0,1,0,0,0,0,0
b23732a3069b1a186b238be20f17a795,0,0,0,0,0,20,0,0,0,0,0,0,0,0,0,0,0,0
0af9cf92b3a8c7974576fdfcc2fce5a6,0,0,0,0,0,0,0,0,0,0,0,0,0,0,0,0,0,11
45eb4751a245998cae058c49e45690a1,0,0,0,0,0,0,0,0,0,0,0,0,0,0,0,11,0,0
8eb81c346c2f664e9bff275d9c28c6ec,0,0,12,0,0,0,0,0,0,0,0,0,0,0,0,0,0,0
1ff4754aafbc108a5fd7bf91ae5a10f6,0,0,0,0,0,0,0,0,0,0,0,0,0,0,0,0,10,0
69620c732a6b04b91e3d5fab3f228356,0,0,8,0,0,0,0,0,0,0,0,0,0,0,0,0,0,0
958550ffa5552eb3305e89d7c2b706be,0,0,0,0,0,0,6,0,0,0,0,0,0,0,0,0,0,0
028037e4eb136f491649c6d6f9f1f5fa,0,0,0,0,0,0,0,0,0,0,0,0,0,0,0,10,0,0
ae267ba5b90001cd33fd0d68b5ea62ce,0,0,0,0,0,0,0,0,0,0,0,0,7,0,0,0,0,0
ca4166f7c414ccc44f9da8d4902213b4,0,0,0,0,0,0,0,4,0,0,0,6,0,0,0,0,0,0
508d7bb755c17ae1b42ec3cf9a0a3356,0,0,0,0,0,0,0,11,0,0,0,0,0,0,0,0,0,0
d1d0cddb31c67128cd33ac0f36f2dc22,0,3,0,3,0,0,0,2,0,0,0,0,0,0,0,0,0,0
1b64f3125f3bb9fbab4528b5da623dd8,0,0,0,0,0,0,7,0,0,0,0,0,0,0,0,0,0,0
ad0d12fefaf703c340d94f022d527a73,0,0,0,0,0,0,0,0,0,0,0,0,0,0,0,9,0,0
63e7d31741526bc81880f593758401ac,0,0,0,0,3,0,0,0,0,0,0,0,0,0,0,0,0,0
02ac5030b7e26c363ed01053afeb0193,0,0,0,0,0,0,0,0,0,0,0,0,0,0,0,0,0,5
1b865a0f879ad437023c5c4aced162f7,0,0,0,0,0,0,0,0,0,0,0,0,0,0,0,0,0,6
bfea2b6d74f6f7c4e2961cbdc7945f60,0,0,0,0,0,0,0,0,5,0,0,0,0,0,0,0,0,0
d3ec78772cb78fd49528ec819d5b36a0,0,0,0,0,0,0,0,0,0,0,4,0,0,0,0,0,0,0
ef507551258191005abfed479f89ea14,0,0,0,0,4,0,0,0,0,0,0,0,0,0,0,0,0,0
884fb14788c77368542a53625fb7728d,0,0,0,0,0,0,0,0,0,0,0,0,0,1,0,0,0,0
a0301564c352f86f4ef7b2e7517f6c4e,0,0,0,0,0,0,0,0,0,0,0,0,8,0,0,0,0,0
b4a1eb49b85444586cc3ee03c587fa38,0,0,0,0,0,0,0,0,0,0,0,0,0,0,0,0,0,5
9ddf2af0b83481cd3ed4179e3af87797,0,0,0,0,0,0,0,6,0,0,0,0,0,0,0,0,0,0
3d162214f91e0f94fcb6382abecc25f1,0,0,0,0,0,0,0,0,0,0,0,7,0,0,0,0,0,0
e00c841d29fe2c67caf15c4b19bf71b1,0,6,0,0,0,0,0,0,0,0,0,0,0,0,0,0,0,0
7cec8854331eebfdf5c6879a82f11a7b,0,0,0,0,0,0,4,0,0,0,0,0,0,0,0,0,0,0
f97ec7b54040fd9c2d5437bec0577494,0,0,0,0,0,0,0,0,0,0,0,0,0,0,0,0,3,0
b53a817ed781c7929373f32a5481d981,0,0,0,0,2,0,0,0,0,0,0,0,0,0,0,0,0,0
b7e01f51b6e0f1705f4581ff6d0be9a7,0,0,0,0,4,0,0,0,0,0,0,0,0,0,0,0,0,0
279c3a3b3e586022359a8bbcf2b14489,0,0,0,0,0,0,0,0,0,0,0,0,3,0,0,0,0,0
c3beefe046766b70273cdd3686f30519,0,0,0,0,0,0,0,3,0,0,0,0,0,0,0,0,0,0
5a73b3fac517d95c817354540d687e2a,0,0,0,0,0,0,0,0,0,0,0,0,0,0,0,0,2,0
53b207b63d79c32d69fa5d13d36c69ae,0,0,0,0,0,0,0,0,0,4,0,0,0,0,0,0,0,0
46ae895138deb92e672f78d31ec2e7b4,0,0,0,0,0,0,0,0,0,0,5,0,0,0,0,0,0,0
8cad76460b6d15aa3dc2cd63d1569119,0,0,4,0,0,0,0,0,0,0,0,0,0,0,0,0,0,0
20ce33c58218917c6b673d2635488edb,0,0,0,0,0,0,0,0,0,0,0,0,0,2,0,0,0,0
e91da26a6d251171e5fa8acceb7a87b2,0,0,0,0,0,0,0,0,0,0,0,0,4,0,0,0,0,0
ccf2dcfba1280d2b91fb9142ac5082d2,0,0,0,0,0,0,0,0,0,0,0,0,0,0,0,0,4,0
5576e787d35e02feb154cc95a945cf5b,0,0,0,0,0,0,0,0,0,0,0,0,2,0,0,0,0,0
02a4db0245b61cea8d33db97e3432702,0,0,0,0,0,0,0,0,0,0,0,0,0,0,0,0,0,5
bba3a70b66dbd2d581356352f92dc69d,0,0,0,0,0,0,0,5,0,0,0,0,0,0,0,0,0,0
3e9094e5e78b8760cdbf0a2645e5b081,0,0,0,0,4,0,0,0,0,0,0,0,0,0,0,0,0,0
3b04f2cb5aaba3bb2e3caed3ef8cd1d8,0,0,2,0,0,0,0,0,0,0,0,0,0,0,0,0,0,0
b90b651033b861eb98abfcef9c844fa2,0,0,0,0,0,0,0,0,0,0,0,0,0,1,0,0,0,0
15a74b7f4079f1fb95dd1760e78b21d4,0,0,0,0,0,0,0,0,4,0,0,0,0,0,0,0,0,0
3b362c188c688f679569a59a51e94f58,0,0,0,0,0,0,0,0,0,0,0,0,0,0,0,0,4,0
5fe66ab132187e0b562b594b845ff224,0,0,0,0,0,0,0,0,4,0,0,0,0,0,0,0,0,0
3ea453d2142b42b58516b53d408ef00d,0,0,0,0,0,0,0,0,0,0,0,0,0,0,5,0,0,0
20be4eb1f89d93418a0eee4740d9d99f,0,0,0,0,0,5,0,0,0,0,0,0,0,0,0,0,0,0
d72f908103d826580fba9ab6fe49beba,0,0,0,0,0,0,0,0,0,0,1,0,0,0,0,0,0,0
71651ebbaf3a7a95b18dc8a3e8af85ad,0,0,0,0,3,0,0,0,0,0,0,0,0,0,0,0,0,0
3f2d4d0c4e4e973a568623ee3c66defb,0,0,0,0,0,0,0,0,0,0,0,0,0,0,0,0,1,4
4ccf96bec8d0eda3937becbccb323f78,0,0,0,4,0,0,0,0,0,0,0,0,0,0,0,0,0,0
e4bec8cd9d79399ff3ce854c595bdb9b,0,0,0,0,0,0,0,0,0,0,0,0,0,0,0,5,0,0
1f41595af2d0ccae4bdcbda610407a72,6,0,0,0,0,0,0,0,0,0,0,0,0,0,0,0,0,0
e5bee04dababe24f5a120d3f2ae2b42f,0,0,0,0,0,0,0,5,0,0,0,0,0,0,0,0,0,0
fc3ec046e4c5686f51605005a74d6fdd,0,0,0,0,0,0,0,0,0,1,0,0,0,0,0,0,0,0
48aacadaeed4babd6b101f2ec767de40,0,0,0,0,0,0,0,0,0,0,0,0,0,0,0,0,4,0
0cfeb0a088956dca8c16eecfd6b0b4c5,0,0,0,0,3,0,0,0,0,0,0,0,0,0,0,0,0,0
9724af84c4ad70c4202ecdcea4faa13f,0,0,0,0,0,0,0,0,0,0,0,0,0,0,0,0,3,0
ae02e8c94946d3ee244fcd67bdee0c3c,0,0,0,0,0,0,0,0,0,0,0,0,0,0,0,0,0,4
b59f9134a12b192dcff12e9c935b1e22,0,0,0,0,0,0,0,0,0,0,0,0,0,0,0,0,0,0
65e03b0b785b17b3f007a8c9f6f58adb,0,0,0,0,0,5,0,0,0,0,0,0,0,0,0,0,0,0
c28d070eee03eea7d53d2fb9757dc480,0,0,0,0,0,0,0,3,0,0,0,0,0,0,0,0,0,0
36562131c41e453c64afd0680dd28b0a,0,0,0,0,0,3,0,0,0,0,0,0,0,0,0,0,0,0
2a43fdef258431a0aa5c1f5987ce83c5,0,0,0,0,0,0,0,0,0,0,0,0,0,0,4,0,0,0
3050ad201110a35a909b864ed7713065,0,0,0,0,0,0,0,0,0,0,0,0,0,0,0,0,0,0
5e962f13a9c08c4ed58ebbe42badfcac,0,0,0,0,0,0,0,0,0,0,0,0,0,0,0,0,3,0
99838af582a46abc20ed3bdedfe3c37e,0,0,0,0,0,5,0,0,0,0,0,0,0,0,0,0,0,0
d7177e693f71b33f8bed048f10243a9c,0,0,0,0,0,0,0,0,0,2,0,0,0,0,0,0,0,0
df1ba1c23723114b171949a2e8c2b028,0,3,0,0,0,0,0,0,0,0,0,0,0,0,0,0,0,0
521cbe219c527713a0b3e860311e50ca,0,0,0,0,0,5,0,0,0,0,0,0,0,0,0,0,0,0
d744a8d7deb3350773cf62cfa9ea3c38,0,0,0,0,0,0,0,0,0,0,0,0,0,0,0,0,0,4
ae68c0aeb7523b9e164eb25fa6a6499e,0,0,0,0,0,0,0,0,0,1,0,0,0,0,0,0,0,0
7ab66f43968d33da98956e24787dea2e,0,0,0,0,0,0,0,0,0,0,0,0,0,2,0,0,0,0
96e0d298db47cbb31231c36d38938e80,0,0,0,0,2,0,0,0,0,0,0,0,0,0,0,0,0,0
2f921475d1bfbacfb364c9b5b33bdd74,0,0,0,0,0,0,0,0,0,0,0,3,0,0,0,0,0,0
3d15bfb8a7712baa91b337946f8e36e2,0,0,0,0,0,0,0,0,0,0,0,0,0,0,0,5,0,0
95487a31a1e88c905d9cc418ede42d81,0,0,0,0,0,0,0,0,1,0,0,0,0,0,0,0,0,0
d00f19ff60d9be7ab82abc927d2afae3,0,0,0,0,0,0,0,0,0,0,0,0,0,0,0,0,4,0
7882c856b1ff084a45605b946f9f169b,0,0,0,0,0,0,0,0,0,0,0,0,0,0,3,0,0,0
6ded4272953073180aac888874c11033,0,0,0,0,0,5,0,0,0,0,0,0,0,0,0,0,0,0
2e1b8d5ad12f3483a60237fd39ab2cce,0,0,0,0,0,0,0,0,0,0,0,0,0,1,0,0,0,0
239a4c07747fa451f0b5d12e074ee42d,0,0,0,0,0,0,0,0,0,0,0,0,0,0,4,0,0,0
e560e8105af06ea49d7508058586d5c8,0,0,0,0,0,0,0,3,0,0,0,0,0,0,0,0,0,0
98dc307b2a0f8bc7884f993b1a7d6ee8,0,0,0,0,0,0,0,0,0,1,0,0,0,0,0,0,0,0
48e523a7311125893bbb4070ee346ef4,0,0,0,1,0,0,0,0,0,0,0,0,0,0,0,0,0,0
2855b6549853a7d77f73701e531eb8cc,0,0,0,0,0,0,0,0,0,0,0,0,0,0,3,0,0,0
9efea413813b0c0bc72472a79e3373d9,0,0,0,0,0,0,0,0,0,0,0,0,1,0,0,0,0,0
4b1ef2e89b18699bb2199727b54910b9,0,0,0,0,0,0,4,0,0,0,0,0,0,0,0,0,0,0
8d988db5a3e9e88e7829853c2b1e8dfd,0,0,0,0,0,0,0,0,0,0,0,4,0,0,0,0,0,0
77e4222622c06b2a08128e35d5ed5a34,0,0,4,0,0,0,0,0,0,0,0,0,0,0,0,0,0,0
6adcdc499e7d57728d9e22df4f7486c3,0,0,0,0,0,0,0,3,0,0,0,0,0,0,0,0,0,0
cdafcb464cc7bb8ad47b87c6042a4472,0,0,0,0,0,0,0,0,0,0,0,0,0,0,0,2,0,0
5210accb1b2d55440c5ba2827e25aef7,0,0,0,0,0,0,0,1,0,0,0,0,0,0,0,0,0,0
e0206f6a65e59b66953d09713062f2a6,0,0,0,0,0,0,0,0,0,0,0,0,0,0,0,0,0,0
a91285f0378675d95b41464fe532c222,0,0,0,0,0,0,0,0,0,0,0,0,0,0,1,0,0,0
1918ab66cd26433a9c82a522f05c37bc,0,0,0,0,0,0,0,0,0,0,0,0,0,0,0,0,1,0
114695ead36f94d5ab75046a12eb1387,0,0,0,0,0,0,0,0,0,0,0,2,0,0,0,0,0,0
9eab9f57b9c7626ea59c3a3b463bf721,0,0,0,0,0,0,3,0,0,0,0,0,0,0,0,0,0,0
d2ecda4ed8af22f9ea1ffd0285e0c26f,0,0,0,0,0,0,4,0,0,0,0,0,0,0,0,0,0,0
b681900f77d68c73833889ba201413d2,0,0,0,0,0,0,0,0,0,0,0,0,0,0,0,0,2,0
8ee0c8468a5db2cdb85903fc3246063a,4,0,0,0,0,0,0,0,0,0,0,0,0,0,0,0,0,0
7bfbd406d65d36d89620023af9637115,0,0,0,0,0,0,0,0,0,0,0,0,0,0,0,0,2,0
0ec35430ed5b844f171c38ebb5a3cc32,0,0,0,0,0,0,0,0,0,0,4,0,0,0,0,0,0,0
1aee5a8c83ff5934341a8fbc6eeb113d,0,0,0,0,0,0,0,0,0,0,0,0,0,0,0,0,0,0
c311e4f1f0e69e42343f200bcaf1bbe0,0,0,0,0,0,0,0,0,0,0,0,0,0,0,1,0,0,0
fa8ff44251d5df3b22bbf2f90f29744c,0,0,0,0,1,0,0,0,0,0,0,0,0,0,0,0,0,0
855608341ff5fb0096b56da3cc6bae93,0,0,0,0,0,0,0,0,0,3,0,0,0,0,0,0,0,0
845e6fdf2106cdb7edb0d9a83f5d0e6f,0,0,0,0,0,0,0,0,0,0,0,0,0,0,0,0,0,0
2a1b403b34fda07cddbb539dc73fb8c8,0,0,0,0,0,0,0,3,0,0,0,0,0,0,0,0,0,0
130618937ca7418b5fd2de52161a37d9,0,0,0,0,0,4,0,0,0,0,0,0,0,0,0,0,0,0
d8149e253132436a53e69672e0e1c39a,0,0,0,0,2,0,0,0,0,0,0,0,0,0,0,0,0,0
c5d7eaa304734f07c4ed8308e3311cee,0,3,0,0,0,0,0,0,0,0,0,0,0,0,0,0,0,0
50de9d7710fd03de7285118ea85d4660,0,0,0,2,0,0,0,0,0,0,0,0,0,0,0,0,0,0
096ccadb7ecb54b0ebac31ffab920170,0,0,0,0,0,0,0,0,0,0,0,0,0,0,0,3,0,0
6ba51a92a3811cab716d86b6f4959b3b,0,0,0,0,0,0,0,0,0,0,0,0,3,0,0,0,0,0
69d149cf90470b303688aa1ba13499f4,0,0,3,0,0,0,0,0,0,0,0,0,0,0,0,0,0,0
ffd1b15afae03fe66b6854d8926b727a,0,0,0,0,0,0,0,0,0,0,0,0,1,0,0,0,0,0
422a4683dfe77ce2998cba366db40374,0,0,0,0,0,0,0,0,0,2,0,0,0,0,0,0,0,0
97bee7fef13955173ff7094720d9ad20,0,0,0,0,0,0,0,0,0,1,0,0,0,0,0,0,0,0
d15803b84366016aa3c3164e35d8b09c,0,0,0,0,0,0,0,0,0,0,0,0,0,0,0,0,0,0
35d1e585f48876c12d7b517be5b3ee5c,0,0,0,0,0,0,0,0,0,2,0,0,0,0,0,0,0,0
8baeac98c8d1f97b5be0a61c64dde262,0,0,0,0,0,3,0,0,0,0,0,0,0,0,0,0,0,0
73dd0124c666ddfa06b127547ff29171,0,0,0,0,0,0,0,3,0,0,0,0,0,0,0,0,0,0
9f38adff9c58ed9af8bcab6f6db06213,0,0,0,1,0,0,0,0,0,0,0,0,0,0,0,0,0,0
cba50d5c6d4194b2d1dc746ceb930555,0,0,0,0,0,0,0,0,0,0,0,0,0,0,1,0,0,0
31d53550dff6147ada56396ef6888973,0,0,0,0,1,0,0,0,0,0,0,0,0,0,0,0,0,0
912b3cac8e18fd890b5b890abe6d674a,0,0,0,0,0,0,0,0,0,0,0,0,0,0,0,0,0,0
a86e2065b2f7de39860f2f09d05117c6,0,0,0,0,0,0,0,0,0,0,0,0,0,0,0,0,0,0
81a753768087bdd7ec5cf9bd7b1eec6e,0,0,0,2,0,0,0,0,0,0,0,0,0,0,0,0,0,0
676790d4005c1c780b7314d2ad6a3614,0,0,0,0,1,0,0,0,0,0,0,0,0,0,0,0,0,0
f715b37824521038389c24128cbf6170,0,0,0,0,0,0,0,0,0,0,0,0,0,0,0,0,0,0
eb3eaa24431c5e90bcd353d9d24ec41e,0,0,0,0,0,0,0,0,0,0,0,0,0,0,0,0,0,0
40a40e6e1c45bf5b5681ddf68a8871b6,0,0,2,0,0,0,0,0,0,0,0,0,0,0,0,0,0,0
9348f2599b8707a7e542b29b0746575b,0,0,0,0,0,0,0,0,0,0,0,0,0,0,0,0,3,0
994fb725c185772ca0effd9b1aff5084,0,0,0,0,0,0,0,0,0,0,0,0,0,0,0,0,2,0
34866c8be6597b3b48dde29c922dc0ca,0,0,0,0,0,0,0,0,0,0,0,0,0,0,0,0,0,0
474ebc688be95578a455ea12b4bcd9f5,0,0,0,0,0,0,0,0,0,0,0,0,0,0,0,0,0,0
c318d85409a26ce19d7f2f280a823b49,0,0,0,0,0,0,0,0,0,0,0,0,0,0,0,2,0,0
520e4682f4db47c25601299ea554d738,0,0,0,0,0,0,0,0,0,0,0,0,0,0,0,0,1,0
a4dc4b935c2854ba33a7668e4456d257,0,0,0,0,0,0,0,0,0,0,0,0,0,0,0,0,0,2
563df0acb5cb89247746141eb2af6163,0,0,0,0,2,0,0,0,0,0,0,0,0,0,0,0,0,0
32ddecb5922014885ee10577f234b10a,0,0,0,0,0,0,0,0,0,0,0,0,0,0,1,0,0,0
5ee5c4d6e51b3a3e9f160e47b4cef103,0,0,0,0,2,0,0,0,0,0,0,0,0,0,0,0,0,0
c7d3aa12e134941c50069418559089ce,0,0,0,0,0,0,0,0,0,0,0,0,0,0,0,0,3,0
d6574daa12aa38384d5253fff618cef0,0,0,0,0,0,0,0,0,0,0,0,0,0,0,0,0,0,2
07285d7ec2d101ede832064be2dbd0cc,0,0,0,0,0,0,0,0,0,0,0,0,0,0,0,0,0,2
3d5c9b2dde8a2086d493a2566150bacd,0,0,0,0,0,0,0,0,0,0,0,0,0,2,0,0,0,0
de94655b89e25ab9a3fa0e7e8e42ecb7,0,0,0,0,0,3,0,0,0,0,0,0,0,0,0,0,0,0
65546cb113fc9c92c9a9865ddce3d16c,0,0,0,0,0,0,0,0,0,0,0,0,0,1,0,0,0,0
1d0bcd6f143819ef963ce8ba30015323,0,0,2,0,0,0,0,0,0,0,0,0,0,0,0,0,0,0
ec7f9501b0d35a4c6d60697a32e6e358,0,0,0,0,0,0,0,0,0,0,2,0,0,0,0,0,0,0
0b721188e4dc3a743e532a00a53474f0,0,0,0,0,0,0,0,0,2,0,0,0,0,0,0,0,0,0
0f38fedcf9cb37753205dc2a3c6bec3e,0,0,0,0,0,0,0,0,0,0,0,0,0,0,0,0,0,0
cc4058e01075cc5166f6aa519223c711,0,0,0,0,0,0,0,0,0,0,0,0,0,0,0,2,0,0
0829735df9aaf8ede99c006194090168,0,0,0,0,0,0,0,0,0,0,0,0,0,0,0,0,0,0
dce10dcf0859e9f9966b30f716661240,0,2,0,0,0,0,0,0,0,0,0,0,0,0,0,0,0,0
59950e4bfbc840a93a2db94adcab415d,0,1,0,0,0,0,0,0,0,0,0,0,0,0,0,0,0,0
84ad87eff4d37bc9d67e9ed604051600,0,0,0,0,0,0,0,0,0,1,0,0,0,0,0,0,0,0
08858c11ec4b09a21ac454016116029f,0,0,0,0,0,0,0,0,0,0,0,0,0,0,0,0,2,0
93717d96c7fb440c09d99e0d17111d4b,0,0,0,0,0,0,0,0,0,0,0,0,0,0,2,0,0,0
3cd3e712fc69296fb9a94fe22c774387,0,0,0,0,0,0,0,0,0,0,0,0,0,0,0,0,0,1
329437e2b0c8330175dce7bf2a8f90dc,0,0,0,0,0,0,0,0,0,0,0,0,0,0,0,0,1,0
12628228d6bbf63260a51879545dcc16,0,0,0,0,0,0,0,0,0,2,0,0,0,0,0,0,0,0
943865098ce43b1c23bb8c1ff514c287,0,0,0,0,0,0,0,0,0,0,0,0,0,0,0,0,0,0
02e64f860a72f8ffd31ce5a9cb53839d,3,0,0,0,0,0,0,0,0,0,0,0,0,0,0,0,0,0
30b2b7a82b5367d05066a29833991763,0,0,0,0,0,0,0,0,0,0,0,0,0,0,0,0,0,3
9baf2792b0fcbc15152c166fdfb8e0b6,0,0,0,0,0,0,0,0,0,0,0,0,0,0,0,0,0,3
22e81b7a6253422e86d483bf4f143c3e,0,0,0,0,1,0,0,0,0,0,0,0,0,0,0,0,0,0
e9a6aded936f03ad15682337621edb12,3,0,0,0,0,0,0,0,0,0,0,0,0,0,0,0,0,0
8b1310d77f7627e3b80f8d74c0f25c38,0,0,0,0,0,0,0,2,0,0,0,0,0,0,0,0,0,0
91f3e94ee7c25944d654d4a6210f40e9,0,0,0,0,0,0,0,0,0,0,0,0,0,0,0,0,1,0
ad3d560fbaa6e2295c4972d9bda1247e,0,0,0,0,0,0,2,0,0,0,0,0,0,0,0,0,0,0
cf2e402c4960ca46a96cba2bed70b601,0,0,0,0,0,0,0,0,0,0,0,0,0,1,0,0,0,0
7d76d0fae8ce24ac0da1aa474f336d23,3,0,0,0,0,0,0,0,0,0,0,0,0,0,0,0,0,0
699f280999c3ac7d3cd235db02ef8119,0,0,0,0,0,0,0,0,0,0,0,0,0,0,0,0,0,0
a0e047aac5d90b587b22d0d7649e201f,0,0,0,0,0,0,0,0,0,2,0,0,0,0,0,0,0,0
b79958f225a2859557d20f935d561143,0,0,0,0,0,0,0,0,0,0,0,0,0,0,0,0,0,0
92bb265e0bd7684ecba92cf22c7c803c,0,0,1,0,0,0,0,0,0,0,0,0,0,0,0,0,0,0
5b19e10bb0b2d783f6fe0ce6a5d83483,0,0,0,0,0,2,0,0,0,0,0,0,0,0,0,0,0,0
53c00b9e4ed51bb13290aa66fd6847f9,0,0,0,0,0,0,0,0,0,0,0,0,0,0,0,0,1,0
6c69b807d406caf61e145d8a78364a96,0,0,0,0,0,0,0,0,0,0,0,0,0,0,0,0,1,0
7712b47e27df099bea5bc872289d2417,2,0,0,0,0,0,0,0,0,0,0,0,0,0,0,0,0,0
3788221e2082ac79bb36b391f83c42bc,0,0,0,0,0,0,0,0,0,0,0,0,0,0,1,0,0,0
6d8234412d953ccebf7f58ea009430d5,0,0,0,0,0,0,0,0,0,0,0,0,0,0,0,0,0,0
aeb8467263110831a418463d4073a3a3,0,0,0,0,0,0,0,0,0,0,0,0,2,0,0,0,0,0
7e17fce3107735d54140bfd9a8218de9,0,0,0,0,0,2,0,0,0,0,0,0,0,0,0,0,0,0
8c188f353ea626cee60561ce978da0c1,0,0,1,0,0,0,0,0,0,0,0,0,0,0,0,0,0,0
fe6373ca161be17efebfd6618a1dd0c9,2,0,0,0,0,0,0,0,0,0,0,0,0,0,0,0,0,0
5f2d088861a10392983181bee084e8a6,0,0,0,0,1,0,0,0,0,0,0,0,0,0,0,0,0,0
39b018735a4380b4c8d7dbfeba29193d,0,0,0,0,0,0,0,2,0,0,0,0,0,0,0,0,0,0
1dd7c118f64d96487ab9fa8b1adb3c50,0,0,0,0,0,0,0,0,0,0,0,0,0,0,0,0,1,0
bf5c91c5a8897ca7ef96b7da563498ba,0,0,0,0,0,0,0,0,0,0,0,0,0,0,1,0,0,0
f5a01df0eeb1a5e5d36e985c8b78e684,0,0,0,0,0,0,0,0,0,0,0,0,0,0,0,1,0,0
39ab7516c5f70ed422e77b64ae895127,0,0,0,0,0,0,0,0,0,0,2,0,0,0,0,0,0,0
70c06f0c15bc2a352f9f69a16118b970,0,0,0,0,0,0,0,0,0,0,0,0,0,0,0,2,0,0
0e509540f2cda9cfd84e2df9bc85c418,0,0,0,0,0,0,0,0,2,0,0,0,0,0,0,0,0,0
20df14c14454c764fe2be4aab48c5731,0,0,0,0,0,0,1,0,0,0,0,0,0,0,0,0,0,0
345a8e0a94157b52d9a92743bd5fce25,0,0,0,0,0,0,0,1,0,0,0,0,0,0,0,0,0,0
d69e28fc8022af952997c1278e47cec7,0,0,0,0,0,0,0,0,0,0,0,0,0,0,0,0,0,0
c20603b608cebc83c64f31696ad3daaa,0,0,0,0,0,0,0,0,0,0,0,0,0,0,0,2,0,0
e7abca5355b05def583b96e015c20918,0,0,0,0,0,0,0,0,0,1,0,0,0,0,0,0,0,0
2a386cdb7add0f19416ff13ceeb4b445,0,0,0,0,0,0,0,0,0,0,1,0,0,0,0,0,0,0
b443e540745b25618aa3c7c07e247fb4,0,0,0,0,0,0,0,1,0,0,0,0,0,0,0,0,0,0
f2a1d7223c6b1cce9984097f3a3a8929,0,0,0,0,0,0,0,0,0,0,0,0,0,0,0,0,0,0
3c927a0840136471f0461c1ed8bc6e74,0,0,0,0,0,0,0,0,0,0,0,0,0,0,0,0,0,0
f9b14aae3957e72cb3855a127adf5ec6,0,0,0,0,0,0,0,0,0,0,0,0,0,0,0,0,0,2
3c3f9c95dfbbd92bc625bc2c5e916261,0,0,0,0,0,0,0,0,0,0,0,0,0,0,0,0,2,0
2499730fa6adb7082079df4238ce282e,0,0,1,0,0,0,0,0,0,0,0,0,0,0,0,0,0,0
fe91fb5184f0e9776633e74db1a1e6bc,0,0,0,0,0,0,0,0,0,0,0,0,0,2,0,0,0,0
04f142d7217073d77f1c4718a19f83c5,0,0,0,0,0,0,0,0,0,0,0,0,0,0,0,0,0,0
370d7326efabeed17b375628e998809a,0,0,0,0,0,0,0,0,0,0,0,0,0,0,0,0,0,0
7c201437dfeca463507feb64c1fc6df2,0,0,0,0,0,0,0,0,0,0,0,0,0,0,0,0,0,0
d4d2c082bb831c47d1e00558322e1071,2,0,0,0,0,0,0,0,0,0,0,0,0,0,0,0,0,0
e046fd7361e1872f3967d04f4996d780,0,0,0,0,0,0,0,0,0,0,0,0,0,0,0,0,0,0
911e04facac30c13aa1b73ec67a6467c,0,0,0,0,0,0,0,0,0,0,0,0,0,0,0,0,0,0
12dd769a52950f69194845189da0b6d0,0,0,0,0,0,0,0,0,0,0,1,0,0,0,0,0,0,0
a23e8db7a6e940a4b848eaa9f8eea820,0,0,0,0,0,0,0,0,0,0,0,0,0,0,0,0,0,0
e5c0a0c8fdc7c9ed571d2332b08b10d5,0,0,2,0,0,0,0,0,0,0,0,0,0,0,0,0,0,0
e9ba45bfa4913930c86ddcbe89c9a158,0,0,0,0,0,0,0,0,0,0,0,0,0,0,0,0,0,0
6f6c7aff68ab433cecfd261e07d960ef,0,0,0,0,0,0,0,0,0,0,0,0,0,0,0,0,1,0
73f0e17c0a04793b7162f7d4fc9f94f7,0,0,0,0,0,0,0,0,0,0,0,0,0,0,0,0,1,0
b378b18e61b33f8e938603648540ac34,0,0,0,2,0,0,0,0,0,0,0,0,0,0,0,0,0,0
226bb76f3ad4874b88400ff84f09c9c0,0,0,0,0,0,0,0,0,0,0,0,0,0,0,0,0,0,1
de2e86d302c7316d0f5bc210589ee0e7,0,0,0,0,0,0,0,0,1,0,0,0,0,0,0,0,0,0
18984edfe7ca7871184c7c2d1b6c31f9,0,0,0,0,0,0,0,0,0,0,0,0,0,0,0,0,0,0
a48d3046cd017de46b74f9a3ab643138,0,0,0,0,0,0,0,2,0,0,0,0,0,0,0,0,0,0
43e817dbdd2d76efd3dd5062e4872629,0,0,0,0,0,0,0,0,0,0,0,0,0,0,0,0,0,0
275b01c68c81d0e97a919b0ec77d3e43,0,0,0,0,0,0,0,0,0,0,0,0,0,0,0,0,0,2
25e9202194708a04804eaebe333d1e22,0,0,0,0,0,0,0,0,1,0,0,0,0,0,0,0,0,0
1e7f2166a1bb3a6ed6e7c7ea31c8ed23,0,0,0,0,0,0,0,0,0,0,0,0,0,0,0,0,0,0
c14b66722f569abbba2177cdef668686,0,0,0,0,0,0,0,0,0,0,0,0,0,0,0,0,0,0
1ba8ee78f4bd68dc60931bf29d00bbca,0,0,0,0,0,0,0,0,0,0,0,0,0,0,0,1,0,0
0108eba451f1e8f8fb6d5d19d92970db,0,0,0,0,0,0,0,0,0,0,0,0,0,0,0,0,0,0
c4f6106369d7a17314cb3a392384474e,0,0,0,0,0,0,0,0,0,0,0,0,0,0,0,0,0,0
5acd1562bbf7c825b2dfd98c5ac9f641,0,0,0,0,0,0,0,0,0,0,0,1,0,0,0,0,0,0
533b956530b701a105afe55de4e9d7a6,0,0,0,0,2,0,0,0,0,0,0,0,0,0,0,0,0,0
a22fe50d9a03e05e405c8a2a274952a8,2,0,0,0,0,0,0,0,0,0,0,0,0,0,0,0,0,0
08235abca6c6efc1546c3853aa488f47,0,0,0,0,0,0,0,0,0,0,0,1,0,0,0,0,0,0
27beb66524e3313fbf2419ce536dc70e,0,0,0,0,0,0,0,0,0,0,0,0,0,1,0,0,0,0
e2b0f177c2d9e93864552fd03ec0204a,0,0,0,0,0,0,0,0,0,0,0,0,0,0,0,0,0,0
436a6c9e2f821ce7eded65c65f6271e9,0,0,0,0,0,0,0,0,0,0,0,0,0,0,0,0,0,0
d7abe3e4b5489fcb61adf9790eee6d44,0,0,0,0,0,2,0,0,0,0,0,0,0,0,0,0,0,0
8248ee6ed9a46528634f743cd08d0fe5,0,0,0,0,0,0,0,0,0,0,0,0,0,0,0,1,0,0
09cc8ddc70e97fb18b8ea71c2987e820,0,0,0,0,0,0,0,0,0,0,0,0,0,0,0,1,0,0
67e7d6c629f1202da09bc291a707ff1c,0,0,0,0,0,0,0,0,0,0,0,0,0,0,0,0,2,0
3c8a9f22b0fee9dc7263d6f50957f82b,0,0,0,0,0,0,0,1,0,0,0,0,0,0,0,0,0,0
bcd90f539383f622c9a7058d857d5a37,0,0,0,0,0,0,0,0,0,0,0,0,0,0,0,0,2,0
543bb2e6ed434352e738122a78f69236,0,0,0,0,0,0,0,0,0,0,0,0,0,0,0,0,0,0
15e39b8c8ff629a8faf39b4fdc4f33d5,0,0,0,0,0,0,0,0,0,0,0,0,0,0,0,0,0,0
6747c53b1d034a63a23464d5f8b884da,0,0,1,0,0,0,0,0,0,0,0,0,0,0,0,0,0,0
7faf0339fdccc760a6fa65fc465fe98b,0,0,0,0,0,0,2,0,0,0,0,0,0,0,0,0,0,0
26d8a20022fba44559f59ba364c90ebd,0,0,0,0,0,0,0,0,0,0,0,0,0,0,0,0,0,2
35cb8a6700e73b0b9cbe3d6124f9a85c,0,0,0,0,0,0,0,0,0,0,0,0,0,0,0,0,1,0
3f29f0af9ade2eeaf492f43b412e677e,0,0,0,2,0,0,0,0,0,0,0,0,0,0,0,0,0,0
90c64c71e5df0e09b802ad6ddd6e8266,0,0,0,0,0,0,0,0,0,0,0,0,0,0,0,0,2,0
89e63dd02f1b9c10185f990617816d99,0,0,0,0,0,0,0,0,0,0,0,0,0,0,0,0,1,0
1f59b61870ebe7ac95ea69fae6c7912f,0,0,0,0,0,0,0,0,0,0,0,0,0,1,0,0,0,0
aa479be22f3fea3b2e6627982c82e4e9,0,0,0,0,0,0,0,0,0,2,0,0,0,0,0,0,0,0
85e8d546abd7641acc9f50246afd747b,0,0,0,0,0,0,0,0,0,0,0,0,0,0,0,0,0,0
0d180262876e319397c3b9102a211a6b,0,0,0,0,0,0,0,0,2,0,0,0,0,0,0,0,0,0
216c1b03e9432e9b717a1c774d6f12c1,0,0,0,0,0,0,0,0,0,0,0,0,2,0,0,0,0,0
620d187a4d63ec847d5afabe8266a053,0,0,0,0,0,0,0,0,0,0,0,0,0,0,1,0,0,0
c011ad93ba9a601770b7c313cf23d23b,0,0,0,0,0,0,0,0,0,0,0,0,0,0,0,0,0,0
24b228a3506640bf41ade5553216a7c2,0,0,0,0,2,0,0,0,0,0,0,0,0,0,0,0,0,0
4232d464771f1df5b24690159777037c,0,0,0,0,0,0,0,0,0,0,0,0,0,0,0,0,1,0
52f0a4c6fd82db40df75407991f0923e,0,0,0,0,0,0,0,0,0,0,0,0,0,0,0,0,0,0
e4d0336ac56197f1970057b04fb946c5,0,0,0,0,0,0,0,0,0,0,0,0,2,0,0,0,0,0
87f78d7103484473e37b30cc05c1fec2,0,0,0,0,0,0,0,0,0,0,0,0,1,0,0,0,0,0
aaa007ba68e97be1b6fc42284040bd39,0,0,0,0,0,0,0,0,0,0,0,0,2,0,0,0,0,0
d06f7d6fb319d2a76248d35d1a707852,0,0,0,0,0,2,0,0,0,0,0,0,0,0,0,0,0,0
ff67eb0dd203f9decbf43f742021e7a8,0,0,0,0,0,0,0,0,0,0,0,0,0,0,0,0,0,0
590bc5fa4439a6af9b23c526504ba85a,0,0,0,0,0,0,0,0,0,0,0,0,0,0,0,0,0,0
11ab22f07c37074bc1dd7e0d29d1779a,0,0,0,0,0,0,0,0,1,0,0,0,0,0,0,0,0,0
f9af29055d3937e85bff8a4659967eb5,0,0,0,0,0,0,0,0,0,0,0,0,0,0,0,0,0,0
5f3ee63c4fbb54d2a2561dc1deb8587a,0,0,0,0,0,0,0,0,0,0,0,0,0,0,0,0,0,1
345b3de48727a2ca6ebd97ce69b9fca9,0,0,0,0,0,0,0,0,0,0,0,0,0,0,0,0,0,0
56b678634f8c4ef93dbdf37c0267647e,0,0,0,0,0,0,0,0,0,0,0,1,0,0,0,0,0,0
008caa8ae45d246635e9e7006a323f1f,0,0,0,0,0,0,0,0,0,0,0,0,0,0,0,0,0,0
3e56ed322f5e20cf9e0eb56fa0f854a1,0,0,0,0,0,0,0,0,0,0,0,1,0,0,0,0,0,0
d61d18ad724286aa64bbe9d80c80590a,0,0,0,0,0,0,0,0,0,0,0,0,0,0,0,0,0,0
43517bccae1a343e0169c165dff15fa3,0,0,0,0,0,0,0,1,0,0,0,0,0,0,0,0,0,0
c2844e0023f57d6eb3ec30e29e5f2019,0,0,0,0,0,0,0,0,0,0,0,0,0,0,0,0,0,0
f20dc7c99cfafe87dfe1529ec6448492,0,0,0,0,0,0,0,0,0,0,0,0,0,0,0,1,0,0
648989663219fda69c2f20aaa1e25af2,0,0,0,0,0,0,0,0,0,0,0,0,0,0,0,0,0,0
d11553a0f6a315aba2a7c8a9c917fe8e,0,0,0,0,0,0,0,0,0,0,0,0,0,0,1,0,0,0
660a78d55ee54b64284ebbfd34be9df0,0,0,0,0,0,0,0,0,1,0,0,0,0,0,0,0,0,0
ad5e92039a96bdaba51b36492e3bb96e,0,0,0,0,0,0,0,0,0,0,0,0,0,0,0,0,1,0
d1ec59320f3b6b510fc39defba137a28,0,0,0,0,1,0,0,0,0,0,0,0,0,0,0,0,0,0
d298ae395dbf15186ca00e9bbcc09b58,0,0,0,0,0,0,0,0,0,0,0,0,0,0,0,0,0,0
79467c8b9e466e01bddff3e282cc03e1,0,0,0,0,0,0,0,0,0,0,1,0,0,0,0,0,0,0
8c1d4f3fc14e6a3475e6851fbe941d52,0,0,0,0,0,0,0,1,0,0,0,0,0,0,0,0,0,0
58daad6f9e72d4477f8ab1c6c58fb02e,0,0,0,0,0,0,0,0,0,0,0,0,0,0,0,0,0,0
f2cd526e0c88cec8fee980e8c846f53e,0,0,0,0,0,0,0,0,0,0,0,0,0,0,0,0,0,0
58802402f0d09ed1a752418dd70271ae,0,0,0,0,0,0,0,0,0,0,0,0,0,0,0,0,0,0
c63634cdc98d5bb340a9aa9eabd49268,0,0,0,0,0,0,1,0,0,0,0,0,0,0,0,0,0,0
fa933106b5835d7bfc23faecb0a704c4,0,0,0,1,0,0,0,0,0,0,0,0,0,0,0,0,0,0
56c8cd061bc8ad944d7c7d85d65fd388,0,0,0,0,0,0,0,0,0,0,0,0,0,0,0,0,0,0
bdb46f41666b26b0cab920f35b8a8b06,0,0,0,0,0,0,0,0,0,0,0,0,0,0,1,0,0,0
8b10b595fa7d1370bd18ec90d4264c9c,0,0,0,0,0,0,0,0,0,0,0,0,0,0,0,0,0,0
b48fa027c13fd4481974e4fc136b8cde,0,0,0,0,0,0,0,0,1,0,0,0,0,0,0,0,0,0
729695d34af98dba897dc29444ed17ed,0,0,0,0,0,0,0,0,0,0,0,0,0,1,0,0,0,0
a5442c5b106971f22228776d13b7b5be,0,0,0,0,0,0,0,0,0,0,0,0,0,0,0,0,0,1
8376e6ef7937814e4f0b82c3cec1eaa1,0,0,0,0,0,0,0,0,0,0,0,0,0,0,1,0,0,0
ae3b0e1bef2967abd5353979fd6c286f,0,0,0,0,0,0,0,0,0,0,0,0,0,0,0,0,0,0
1d22eaa2512715207e3ad38d9087aad4,0,0,0,0,0,0,0,0,0,0,0,0,0,0,0,0,0,0
a69cab0b4c4dbcb590ee81a96fac41e6,0,0,0,0,0,0,0,0,0,0,0,0,0,0,0,0,0,0
ebb98a57c2ea4c674f4ae15b4d33dd5b,0,0,0,0,0,0,0,0,0,0,0,0,0,0,0,0,0,1
ffefdd8230bab31cfb149f57f018bab7,0,0,0,0,0,0,0,0,0,0,0,0,0,0,0,1,0,0
e47f56c78774fb1e2dda28fc1d11535d,0,0,0,0,0,0,0,0,0,0,0,0,0,0,0,0,0,0
cb571cbd49a7e26b4b46b032186365b4,0,0,0,0,0,0,0,0,1,0,0,0,0,0,0,0,0,0
8ffc09e1189c1609db16577c59743d37,0,0,0,0,0,0,0,0,0,0,0,0,0,0,0,0,0,0
c64877bf63a67aebbeb4ef3006a29f92,0,0,0,0,0,0,0,0,0,0,0,0,0,0,0,1,0,0
83b417cdaacbd33c8117b4fd695728c9,0,0,0,0,0,0,0,0,0,0,0,0,0,0,0,0,0,0
b8e340bd3cbdaf7dba3abe6b71678647,0,0,0,0,0,0,0,0,0,0,0,0,0,0,0,0,0,0
72162827c2e5367783d2c1e1e818131b,0,0,0,0,0,0,0,0,0,0,0,0,0,0,0,0,0,0
5d71db9d69a925e597dc743d343fa905,0,0,0,0,0,0,0,0,0,1,0,0,0,0,0,0,0,0
f6d37889f654e88607b2ffed620920b7,0,0,0,0,0,0,0,1,0,0,0,0,0,0,0,0,0,0
c410cf2a1e78bab7a5db123ce7c34d32,0,0,0,0,0,0,0,0,0,0,0,0,0,0,0,0,0,0
048b70751211b070950111a29ce91b9a,0,0,0,0,0,0,0,0,0,0,0,0,0,0,0,0,0,1
21a2649bae53fb09884291e41f0f1535,0,0,0,0,0,0,0,0,1,0,0,0,0,0,0,0,0,0
d5684851bc6a51a4b02f65a3da32f395,0,0,0,0,0,0,0,0,0,0,0,0,0,0,1,0,0,0
c48798b3b34667e960e4132424828c6d,0,0,0,0,0,0,0,0,0,0,0,0,0,0,0,0,1,0
5f88597824a4473c5b129476b223aa2f,0,0,0,0,0,0,0,0,0,0,0,0,0,0,0,0,0,0
ead82a18d5574993bb1d7aeb2ac00662,0,0,0,0,0,0,0,0,0,0,0,0,0,0,0,0,0,0
eef6ec482970e17da3b4a19a37ddce19,0,0,0,0,0,0,0,1,0,0,0,0,0,0,0,0,0,0
16cd7707257b66f6d34adadab8ec7faf,0,0,0,0,0,0,0,0,0,0,0,0,0,0,0,0,0,0
f6c68611bd8f16707605d3e998da7c03,0,0,0,0,0,0,0,0,0,0,0,0,0,0,0,0,0,0
17142bfb81843cecbc52d5d3b844bc36,1,0,0,0,0,0,0,0,0,0,0,0,0,0,0,0,0,0
af29515877ba86e8e36956a85e4860d6,0,0,0,0,0,0,0,0,0,0,0,0,1,0,0,0,0,0
